"species","scientificName","total_records","gbif_records","inat_records","first_year","last_year","rarity_score","n_grid_cells","lat_range","lon_range","range_score","trend","trend_score","priority_score","priority_level"
"Carpodacus rubicilloides",NA,2,0,2,2011,2019,100,2,0.0159829508000016,0.0476196378999987,100,-2,100,100,"Critical Priority"
"Phalaropus lobatus",NA,2,0,2,2017,2017,100,2,2.3194789968,0.143627911899998,100,-2,100,100,"Critical Priority"
"Athene noctua","Athene noctua (Scopoli, 1769)",1,1,0,2018,2018,100,2,1.0334505556,3.4425527778,100,-2,100,100,"Critical Priority"
"Athene noctua",NA,1,0,1,2019,2019,100,2,1.0334505556,3.4425527778,100,-2,100,100,"Critical Priority"
"Bubo bengalensis",NA,1,0,1,2018,2018,100,1,0,0,100,-1,100,100,"Critical Priority"
"Calidris acuminata",NA,1,0,1,2017,2017,100,1,0,0,100,-1,100,100,"Critical Priority"
"Cyanoderma pyrrhops",NA,1,0,1,2018,2018,100,1,0,0,100,-1,100,100,"Critical Priority"
"Geopelia cuneata",NA,1,0,1,2018,2018,100,1,0,0,100,-1,100,100,"Critical Priority"
"Gymnoris xanthocollis",NA,1,0,1,2018,2018,100,1,0,0,100,-1,100,100,"Critical Priority"
"Parus major","Parus major Linnaeus, 1758",1,1,0,2018,2018,100,1,0,0,100,-1,100,100,"Critical Priority"
"Passer hispaniolensis",NA,1,0,1,2017,2017,100,1,0,0,100,-1,100,100,"Critical Priority"
"Tetraogallus tibetanus","Tetraogallus tibetanus Gould, 1854",1,1,0,2019,2019,100,1,0,0,100,-1,100,100,"Critical Priority"
"Vanellus vanellus",NA,1,0,1,2017,2017,100,1,0,0,100,-1,100,100,"Critical Priority"
"Tetrax tetrax","Tetrax tetrax (Linnaeus, 1758)",5,5,0,2020,2024,100,2,0.113750000000003,0.223734999999991,100,5,40,82,"Critical Priority"
"Argya striata",NA,4,0,4,2019,2025,100,1,0,0,100,2,40,82,"Critical Priority"
"Ortygornis pondicerianus","Ortygornis pondicerianus (J.F.Gmelin, 1789)",4,4,0,2020,2024,100,2,0.963850000000001,0.220369999999988,100,4,40,82,"Critical Priority"
"Argya caudata",NA,3,0,3,2021,2025,100,1,0.0393067755999965,0.000835843399997316,100,3,40,82,"Critical Priority"
"Calidris minuta",NA,3,0,3,2021,2024,100,2,2.069267795,0.17165614679999,100,4,40,82,"Critical Priority"
"Delichon urbicum","Delichon urbicum (Linnaeus, 1758)",3,3,0,2022,2023,100,2,0.768770000000004,0.615389999999991,100,3,40,82,"Critical Priority"
"Luscinia phaenicuroides",NA,3,0,3,2022,2023,100,1,0.00521453089999824,0.00123193510000874,100,3,40,82,"Critical Priority"
"Pomatorhinus erythrogenys","Erythrogenys erythrogenys (Vigors, 1831)",3,3,0,2024,2024,100,1,0,0,100,3,40,82,"Critical Priority"
"Psittacula cyanocephala","Psittacula cyanocephala (Linnaeus, 1766)",3,3,0,2020,2024,100,2,0.495967,0.266470000000012,100,3,40,82,"Critical Priority"
"Zapornia pusilla",NA,3,0,3,2021,2023,100,2,2.4194392178,0.0787618415999987,100,3,40,82,"Critical Priority"
"Acrocephalus agricola","Acrocephalus agricola (Jerdon, 1845)",2,2,0,2022,2023,100,2,0.156280000000002,0.26491,100,2,40,82,"Critical Priority"
"Amaurornis phoenicurus","Amaurornis phoenicurus (Pennant, 1769)",2,2,0,2022,2022,100,2,0.159683000000001,1.37331,100,2,40,82,"Critical Priority"
"Anarhynchus alexandrinus",NA,2,0,2,2023,2023,100,2,0.0956856667000068,0.0966036666999912,100,2,40,82,"Critical Priority"
"Anthropoides virgo","Anthropoides virgo (Linnaeus, 1758)",2,2,0,2022,2024,100,2,0.129295999999997,1.17916000000001,100,2,40,82,"Critical Priority"
"Anthus campestris","Anthus campestris (Linnaeus, 1758)",2,2,0,2021,2021,100,1,0,0,100,2,40,82,"Critical Priority"
"Anthus cervinus","Anthus cervinus (Pallas, 1811)",2,2,0,2021,2021,100,1,0,0,100,2,40,82,"Critical Priority"
"Anthus sylvanus","Anthus sylvanus (Hodgson, 1845)",2,2,0,2020,2022,100,2,0.0797850000000011,1.33184999999999,100,2,40,82,"Critical Priority"
"Asio otus",NA,2,0,2,2022,2024,100,2,0.436850056799997,2.45008679070001,100,2,40,82,"Critical Priority"
"Buteo hemilasius",NA,2,0,2,2017,2023,100,2,1.9001134787,2.5932391261,100,0,40,82,"Critical Priority"
"Cacomantis passerinus","Cacomantis passerinus (Vahl, 1797)",2,2,0,2022,2022,100,2,0.472703000000003,0.0841599999999971,100,2,40,82,"Critical Priority"
"Carpodacus puniceus","Carpodacus puniceus (Blyth, 1845)",2,2,0,2023,2023,100,1,0,0,100,2,40,82,"Critical Priority"
"Circus cyaneus",NA,2,0,2,2020,2022,100,2,1.05853164259999,0.848963798900002,100,1,40,82,"Critical Priority"
"Cuculus poliocephalus","Cuculus poliocephalus Latham, 1790",2,2,0,2023,2023,100,1,0,0,100,2,40,82,"Critical Priority"
"Cyanistes cyanus",NA,2,0,2,2014,2025,100,1,0.000225309900002912,0.000500268099997925,100,0,40,82,"Critical Priority"
"Cyornis rubeculoides","Cyornis rubeculoides (Vigors, 1831)",2,2,0,2020,2023,100,2,0.0742599999999953,0.0507100000000094,100,2,40,82,"Critical Priority"
"Dendrocopos leucopterus",NA,2,0,2,2025,2025,100,2,0.0321513888999974,0.0138972222999882,100,2,40,82,"Critical Priority"
"Dendrocopos macei","Dendrocopos macei (Vieillot, 1818)",2,2,0,2021,2023,100,2,0.565205200000001,1.3359485,100,3,40,82,"Critical Priority"
"Emberiza melanocephala","Emberiza melanocephala Scopoli, 1769",2,2,0,2023,2023,100,2,1.35036330000001,0.933425,100,3,40,82,"Critical Priority"
"Emberiza pusilla","Emberiza pusilla Pallas, 1776",2,2,0,2020,2021,100,2,0.450699,0.461029999999994,100,2,40,82,"Critical Priority"
"Ficedula parva","Ficedula parva (Bechstein, 1792)",2,2,0,2021,2025,100,2,0.0104570523999996,2.01447999999999,100,3,40,82,"Critical Priority"
"Gracupica contra","Gracupica contra (Linnaeus, 1758)",2,2,0,2023,2025,100,1,6.83332999997788e-05,8.43332999949098e-05,100,3,40,82,"Critical Priority"
"Grus virgo",NA,2,0,2,2023,2023,100,1,0.00203671340000255,0.00881906409999544,100,2,40,82,"Critical Priority"
"Gyps fulvus","Gyps fulvus (Hablizl, 1783)",2,2,0,2022,2024,100,2,0.288978999999998,0.194149999999993,100,2,40,82,"Critical Priority"
"Hierococcyx varius",NA,2,0,2,2018,2021,100,2,0.1867352923,1.7256903648,100,0,40,82,"Critical Priority"
"Hirundapus caudacutus","Hirundapus caudacutus (Latham, 1801)",2,2,0,2022,2024,100,1,0.0212670000000017,0.01527999999999,100,2,40,82,"Critical Priority"
"Hydrophasianus chirurgus",NA,2,0,2,2020,2023,100,2,0.0384828253000009,1.30683745269999,100,2,40,82,"Critical Priority"
"Lanius tephronotus",NA,2,0,2,2023,2023,100,2,0.1358445682,0.540744904500002,100,2,40,82,"Critical Priority"
"Loxia curvirostra","Loxia curvirostra Linnaeus, 1758",2,2,0,2024,2024,100,2,0.587127000000002,0.0613500000000045,100,2,40,82,"Critical Priority"
"Merops philippinus","Merops philippinus Linnaeus, 1767",2,2,0,2020,2022,100,2,0.0474280000000036,0.701705999999987,100,2,40,82,"Critical Priority"
"Monticola saxatilis","Monticola saxatilis (Linnaeus, 1766)",2,2,0,2020,2023,100,2,1.35036330000001,0.933424700000003,100,1,40,82,"Critical Priority"
"Oenanthe albonigra","Oenanthe albonigra (Hume, 1872)",2,2,0,2023,2023,100,2,0.386398,0.197626,100,2,40,82,"Critical Priority"
"Perdix hodgsoniae",NA,2,0,2,2019,2021,100,1,0.0031836079999934,0.00489775890000033,100,0,40,82,"Critical Priority"
"Pluvialis fulva",NA,2,0,2,2021,2022,100,1,0,0,100,2,40,82,"Critical Priority"
"Prinia inornata","Prinia inornata Sykes, 1832",2,2,0,2019,2023,100,2,0.0864570000000029,0.262360000000001,100,0,40,82,"Critical Priority"
"Prinia socialis","Prinia socialis Sykes, 1832",2,2,0,2024,2024,100,2,0.0688859999999991,0.038406000000009,100,2,40,82,"Critical Priority"
"Pteruthius aeralatus","Pteruthius aeralatus Blyth, 1855",2,2,0,2022,2023,100,2,0.0343519999999984,0.194699999999997,100,2,40,82,"Critical Priority"
"Recurvirostra avosetta",NA,2,0,2,2021,2021,100,1,0.00167435270000027,0.0014258950999988,100,2,40,82,"Critical Priority"
"Riparia chinensis","Riparia chinensis (J.E.Gray, 1830)",2,2,0,2021,2022,100,2,0.696866,0.402340000000009,100,2,40,82,"Critical Priority"
"Rostratula benghalensis",NA,2,0,2,2021,2022,100,1,0.000185561300000359,0.011027749100009,100,2,40,82,"Critical Priority"
"Tringa erythropus",NA,2,0,2,2021,2021,100,1,9.79996000012306e-05,0.000208206500005303,100,2,40,82,"Critical Priority"
"Urocissa erythroryncha",NA,2,0,2,2023,2025,100,2,0.0379852999999954,0.0489091999999971,100,2,40,82,"Critical Priority"
"Xenus cinereus","Xenus cinereus (Güldenstädt, 1775)",2,2,0,2023,2023,100,2,0.269826299999998,0.881987999999993,100,3,40,82,"Critical Priority"
"Acrocephalus arundinaceus",NA,1,0,1,2025,2025,100,1,0,0,100,1,40,82,"Critical Priority"
"Aegypius monachus",NA,1,0,1,2021,2021,100,1,0,0,100,1,40,82,"Critical Priority"
"Amaurornis akool","Zapornia akool (Sykes, 1832)",1,1,0,2022,2022,100,1,0,0,100,1,40,82,"Critical Priority"
"Anarhynchus atrifrons",NA,1,0,1,2021,2021,100,1,0,0,100,1,40,82,"Critical Priority"
"Anser indicus","Anser indicus (Latham, 1790)",1,1,0,2023,2023,100,1,0,0,100,1,40,82,"Critical Priority"
"Anthus hodgsoni",NA,1,0,1,2024,2024,100,1,0,0,100,1,40,82,"Critical Priority"
"Apus leuconyx","Apus leuconyx (Blyth, 1845)",1,1,0,2023,2023,100,1,0,0,100,1,40,82,"Critical Priority"
"Astur gentilis",NA,1,0,1,2024,2024,100,1,0,0,100,1,40,82,"Critical Priority"
"Aythya nyroca","Aythya nyroca (Güldenstädt, 1770)",1,1,0,2020,2020,100,2,0.5390115485,2.2550892535,100,2,40,82,"Critical Priority"
"Aythya nyroca",NA,1,0,1,2021,2021,100,2,0.5390115485,2.2550892535,100,2,40,82,"Critical Priority"
"Calandrella acutirostris",NA,1,0,1,2023,2023,100,1,0,0,100,1,40,82,"Critical Priority"
"Calandrella brachydactyla","Calandrella brachydactyla (Leisler, 1814)",1,1,0,2020,2020,100,1,0,0,100,1,40,82,"Critical Priority"
"Calidris ferruginea",NA,1,0,1,2023,2023,100,1,0,0,100,1,40,82,"Critical Priority"
"Calidris minuta","Calidris minuta (Leisler, 1812)",1,1,0,2024,2024,100,2,2.069267795,0.17165614679999,100,4,40,82,"Critical Priority"
"Calidris pugnax",NA,1,0,1,2023,2023,100,1,0,0,100,1,40,82,"Critical Priority"
"Carpodacus thura","Carpodacus thura Bonaparte & Schlegel, 1850",1,1,0,2024,2024,100,1,0,0,100,1,40,82,"Critical Priority"
"Cecropis rufula",NA,1,0,1,2021,2021,100,1,0,0,100,1,40,82,"Critical Priority"
"Centropus sinensis","Centropus sinensis (Stephens, 1815)",1,1,0,2024,2024,100,1,0,0,100,1,40,82,"Critical Priority"
"Cettia brunnifrons","Cettia brunnifrons (Hodgson, 1845)",1,1,0,2024,2024,100,1,0,0,100,1,40,82,"Critical Priority"
"Cettia cetti","Cettia cetti (Temminck, 1820)",1,1,0,2022,2022,100,1,0,0,100,1,40,82,"Critical Priority"
"Chelidorhynx hypoxantha","Chelidorhynx hypoxantha (Blyth, 1843)",1,1,0,2023,2023,100,1,0,0,100,1,40,82,"Critical Priority"
"Chloris chloris","Chloris chloris (Linnaeus, 1758)",1,1,0,2024,2024,100,1,0,0,100,1,40,82,"Critical Priority"
"Ciconia nigra",NA,1,0,1,2025,2025,100,1,0,0,100,1,40,82,"Critical Priority"
"Circus cyaneus","Circus cyaneus (Linnaeus, 1766)",1,1,0,2019,2019,100,2,1.05853164259999,0.848963798900002,100,1,40,82,"Critical Priority"
"Copsychus fulicatus",NA,1,0,1,2021,2021,100,1,0,0,100,1,40,82,"Critical Priority"
"Coturnix coturnix","Coturnix coturnix (Linnaeus, 1758)",1,1,0,2022,2022,100,2,2.1593741225,3.4346334306,100,2,40,82,"Critical Priority"
"Coturnix coturnix",NA,1,0,1,2022,2022,100,2,2.1593741225,3.4346334306,100,2,40,82,"Critical Priority"
"Cygnus columbianus","Cygnus columbianus (Ord, 1815)",1,1,0,2020,2020,100,2,0.0266282967000038,1.91184866799999,100,2,40,82,"Critical Priority"
"Cygnus columbianus",NA,1,0,1,2021,2021,100,2,0.0266282967000038,1.91184866799999,100,2,40,82,"Critical Priority"
"Dendrocopos macei",NA,1,0,1,2023,2023,100,2,0.565205200000001,1.3359485,100,3,40,82,"Critical Priority"
"Emberiza hortulana","Emberiza hortulana Linnaeus, 1758",1,1,0,2023,2023,100,1,0,0,100,1,40,82,"Critical Priority"
"Emberiza melanocephala",NA,1,0,1,2023,2023,100,2,1.35036330000001,0.933425,100,3,40,82,"Critical Priority"
"Emberiza striolata","Emberiza striolata (M.H.K.Lichtenstein, 1823)",1,1,0,2021,2021,100,1,0,0,100,1,40,82,"Critical Priority"
"Erithacus rubecula","Erithacus rubecula (Linnaeus, 1758)",1,1,0,2020,2020,100,1,0,0,100,1,40,82,"Critical Priority"
"Euodice malabarica","Euodice malabarica (Linnaeus, 1758)",1,1,0,2023,2023,100,1,0,0,100,1,40,82,"Critical Priority"
"Falco cherrug",NA,1,0,1,2024,2024,100,1,0,0,100,1,40,82,"Critical Priority"
"Falco chicquera","Falco chicquera Daudin, 1800",1,1,0,2021,2021,100,1,0,0,100,1,40,82,"Critical Priority"
"Ficedula albicilla",NA,1,0,1,2020,2020,100,1,0,0,100,1,40,82,"Critical Priority"
"Ficedula parva",NA,1,0,1,2025,2025,100,2,0.0104570523999996,2.01447999999999,100,3,40,82,"Critical Priority"
"Galerida cristata","Galerida cristata (Linnaeus, 1758)",1,1,0,2024,2024,100,2,1.1997836305,1.63310719280001,100,0,40,82,"Critical Priority"
"Galerida cristata",NA,1,0,1,2016,2016,100,2,1.1997836305,1.63310719280001,100,0,40,82,"Critical Priority"
"Gallinago solitaria","Gallinago solitaria Hodgson, 1831",1,1,0,2022,2022,100,2,0.496797666699997,2.0786283333,100,2,40,82,"Critical Priority"
"Gallinago solitaria",NA,1,0,1,2021,2021,100,2,0.496797666699997,2.0786283333,100,2,40,82,"Critical Priority"
"Gallus gallus",NA,1,0,1,2024,2024,100,1,0,0,100,1,40,82,"Critical Priority"
"Garrulax albogularis","Pterorhinus albogularis (Gould, 1836)",1,1,0,2024,2024,100,1,0,0,100,1,40,82,"Critical Priority"
"Gracupica contra",NA,1,0,1,2025,2025,100,1,6.83332999997788e-05,8.43332999949098e-05,100,3,40,82,"Critical Priority"
"Grus monacha","Grus monacha Temminck, 1835",1,1,0,2020,2020,100,1,0,0,100,1,40,82,"Critical Priority"
"Grus nigricollis",NA,1,0,1,2024,2024,100,1,0,0,100,1,40,82,"Critical Priority"
"Haliaeetus albicilla",NA,1,0,1,2024,2024,100,1,0,0,100,1,40,82,"Critical Priority"
"Iduna caligata","Iduna caligata (Lichtenstein, 1823)",1,1,0,2024,2024,100,1,0,0,100,1,40,82,"Critical Priority"
"Iduna rama","Iduna rama (Sykes, 1832)",1,1,0,2022,2022,100,1,0,0,100,1,40,82,"Critical Priority"
"Lanius collurio","Lanius collurio Linnaeus, 1758",1,1,0,2020,2020,100,1,0,0,100,1,40,82,"Critical Priority"
"Lanius cristatus",NA,1,0,1,2020,2020,100,1,0,0,100,1,40,82,"Critical Priority"
"Lanius isabellinus",NA,1,0,1,2023,2023,100,1,0,0,100,1,40,82,"Critical Priority"
"Lanius minor","Lanius minor Gmelin, 1788",1,1,0,2021,2021,100,1,0,0,100,1,40,82,"Critical Priority"
"Lanius phoenicuroides",NA,1,0,1,2024,2024,100,1,0,0,100,1,40,82,"Critical Priority"
"Lerwa lerwa","Lerwa lerwa (Hodgson, 1833)",1,1,0,2021,2021,100,1,1.99999995231792e-07,2.00000002337219e-07,100,2,40,82,"Critical Priority"
"Lerwa lerwa",NA,1,0,1,2021,2021,100,1,1.99999995231792e-07,2.00000002337219e-07,100,2,40,82,"Critical Priority"
"Limosa limosa",NA,1,0,1,2021,2021,100,1,0,0,100,1,40,82,"Critical Priority"
"Merops orientalis","Merops orientalis Latham, 1801",1,1,0,2024,2024,100,1,0,0,100,1,40,82,"Critical Priority"
"Microcarbo niger","Microcarbo niger (Vieillot, 1817)",1,1,0,2019,2019,100,2,0.342476767499996,1.5980026121,100,0,40,82,"Critical Priority"
"Microcarbo niger",NA,1,0,1,2025,2025,100,2,0.342476767499996,1.5980026121,100,0,40,82,"Critical Priority"
"Monticola saxatilis",NA,1,0,1,2017,2017,100,2,1.35036330000001,0.933424700000003,100,1,40,82,"Critical Priority"
"Muscicapa striata","Muscicapa striata (Pallas, 1764)",1,1,0,2023,2023,100,1,0,0,100,1,40,82,"Critical Priority"
"Mycerobas affinis",NA,1,0,1,2022,2022,100,1,0,0,100,1,40,82,"Critical Priority"
"Mycerobas carnipes","Mycerobas carnipes (Hodgson, 1836)",1,1,0,2024,2024,100,1,0,0,100,1,40,82,"Critical Priority"
"Oenanthe pleschanka","Oenanthe pleschanka (Lepechin, 1770)",1,1,0,2023,2023,100,1,0,0,100,1,40,82,"Critical Priority"
"Otus bakkamoena","Otus bakkamoena Pennant, 1769",1,1,0,2024,2024,100,1,0,0,100,1,40,82,"Critical Priority"
"Otus scops","Otus scops (Linnaeus, 1758)",1,1,0,2024,2024,100,1,0,0,100,1,40,82,"Critical Priority"
"Pastor roseus","Pastor roseus (Linnaeus, 1758)",1,1,0,2022,2022,100,2,1.729876,2.095372,100,0,40,82,"Critical Priority"
"Pastor roseus",NA,1,0,1,2017,2017,100,2,1.729876,2.095372,100,0,40,82,"Critical Priority"
"Pericrocotus cinnamomeus","Pericrocotus cinnamomeus (Linnaeus, 1766)",1,1,0,2024,2024,100,1,0,0,100,1,40,82,"Critical Priority"
"Phoenicurus phoenicurus",NA,1,0,1,2024,2024,100,1,0,0,100,1,40,82,"Critical Priority"
"Phylloscopus whistleri",NA,1,0,1,2025,2025,100,1,0,0,100,1,40,82,"Critical Priority"
"Picus chlorolophus","Picus chlorolophus Vieillot, 1818",1,1,0,2023,2023,100,1,0,0,100,1,40,82,"Critical Priority"
"Picus xanthopygaeus",NA,1,0,1,2024,2024,100,1,0,0,100,1,40,82,"Critical Priority"
"Rhipidura aureola","Rhipidura aureola Lesson, 1831",1,1,0,2024,2024,100,1,0,0,100,1,40,82,"Critical Priority"
"Rhodopechys sanguineus","Rhodopechys sanguineus sanguineus (Gould, 1838)",1,1,0,2022,2022,100,1,1.04900003350394e-07,8.56999946563519e-08,100,2,40,82,"Critical Priority"
"Rhodopechys sanguineus",NA,1,0,1,2022,2022,100,1,1.04900003350394e-07,8.56999946563519e-08,100,2,40,82,"Critical Priority"
"Spatula querquedula","Spatula querquedula (Linnaeus, 1758)",1,1,0,2023,2023,100,2,1.0649325982,0.864332694400005,100,2,40,82,"Critical Priority"
"Spatula querquedula",NA,1,0,1,2021,2021,100,2,1.0649325982,0.864332694400005,100,2,40,82,"Critical Priority"
"Stachyridopsis pyrrhops","Cyanoderma pyrrhops (Blyth, 1844)",1,1,0,2023,2023,100,1,0,0,100,1,40,82,"Critical Priority"
"Sterna aurantia","Sterna aurantia J.E.Gray, 1831",1,1,0,2023,2023,100,2,1.0846439684,0.863920494200002,100,2,40,82,"Critical Priority"
"Sterna aurantia",NA,1,0,1,2024,2024,100,2,1.0846439684,0.863920494200002,100,2,40,82,"Critical Priority"
"Strix leptogrammica",NA,1,0,1,2024,2024,100,1,0,0,100,1,40,82,"Critical Priority"
"Taccocua leschenaultii","Taccocua leschenaultii Lesson, 1830",1,1,0,2024,2024,100,1,0,0,100,1,40,82,"Critical Priority"
"Tadorna tadorna",NA,1,0,1,2023,2023,100,1,0,0,100,1,40,82,"Critical Priority"
"Taenioptynx brodiei",NA,1,0,1,2022,2022,100,1,0,0,100,1,40,82,"Critical Priority"
"Tephrodornis pondicerianus","Tephrodornis pondicerianus (Gmelin, 1789)",1,1,0,2024,2024,100,1,0,0,100,1,40,82,"Critical Priority"
"Tragopan melanocephalus",NA,1,0,1,2025,2025,100,6,0.163600026499999,0.142232443799998,60,-52,80,82,"Critical Priority"
"Tringa nebularia","Tringa nebularia (Gunnerus, 1767)",1,1,0,2023,2023,100,1,0,0,100,1,40,82,"Critical Priority"
"Trochalopteron erythrocephalum","Trochalopteron erythrocephalum (Vigors, 1832)",1,1,0,2022,2022,100,1,0,0,100,1,40,82,"Critical Priority"
"Turdus philomelos",NA,1,0,1,2020,2020,100,1,0,0,100,1,40,82,"Critical Priority"
"Turdus ruficollis","Turdus ruficollis Pallas, 1776",1,1,0,2021,2021,100,1,0,0,100,1,40,82,"Critical Priority"
"Xenus cinereus",NA,1,0,1,2023,2023,100,2,0.269826299999998,0.881987999999993,100,3,40,82,"Critical Priority"
"Yungipicus canicapillus","Yungipicus canicapillus (Blyth, 1845)",1,1,0,2024,2024,100,1,0,0,100,1,40,82,"Critical Priority"
NA,NA,1,0,1,2020,2020,100,1,0,0,100,1,40,82,"Critical Priority"
"Botaurus minutus",NA,5,0,5,2021,2025,100,3,0.197146997499999,0.0979640477000032,80,5,40,76,"High Priority"
"Dendrocitta formosae","Dendrocitta formosae Swinhoe, 1863",5,5,0,2020,2021,100,3,0.108406000000002,0.20620000000001,80,5,40,76,"High Priority"
"Himantopus himantopus",NA,5,0,5,2020,2024,100,4,0.490700690099999,2.7787249536,80,5,40,76,"High Priority"
"Mareca strepera",NA,5,0,5,2012,2025,100,5,1.6787692,2.45008249999999,80,5,40,76,"High Priority"
"Tachyspiza badia",NA,5,0,5,2019,2025,100,4,0.929663114199997,0.720140598699999,80,3,40,76,"High Priority"
"Anser cygnoides",NA,4,0,4,2024,2025,100,3,0.0279694042000003,0.158245379299998,80,4,40,76,"High Priority"
"Bucanetes mongolicus",NA,4,0,4,2013,2025,100,5,2.2762333,3.844414,80,1,40,76,"High Priority"
"Buteo buteo","Buteo buteo (Linnaeus, 1758)",4,4,0,2020,2024,100,4,1.54454,0.802250000000001,80,4,40,76,"High Priority"
"Cuculus varius","Hierococcyx varius (Vahl, 1797)",4,4,0,2023,2024,100,4,0.816427000000004,2.20703999999999,80,4,40,76,"High Priority"
"Ficedula ruficauda",NA,4,0,4,2020,2025,100,4,0.574590344899995,1.32728514760001,80,4,40,76,"High Priority"
"Ichthyaetus ichthyaetus","Ichthyaetus ichthyaetus (Pallas, 1773)",4,4,0,2020,2023,100,4,1.340667453,3.7797471402,80,5,40,76,"High Priority"
"Jynx torquilla","Jynx torquilla Linnaeus, 1758",4,4,0,2023,2024,100,4,1.901063,1.81677000000001,80,4,40,76,"High Priority"
"Mareca strepera","Mareca strepera (Linnaeus, 1758)",4,4,0,2019,2021,100,5,1.6787692,2.45008249999999,80,5,40,76,"High Priority"
"Motacilla flava","Motacilla flava Linnaeus, 1758",4,4,0,2022,2025,100,4,0.824489999999997,0.682185000000004,80,5,40,76,"High Priority"
"Phalacrocorax carbo",NA,4,0,4,2019,2025,100,5,1.191071,2.21384690000001,80,1,40,76,"High Priority"
"Picus canus","Picus canus J.F.Gmelin, 1788",4,4,0,2021,2023,100,3,0.575015999999998,0.497699999999995,80,4,40,76,"High Priority"
"Pycnonotus leucotis","Pycnonotus leucotis (Gould, 1836)",4,4,0,2020,2020,100,3,0.334094999999998,0.747734000000008,80,4,40,76,"High Priority"
"Thinornis dubius",NA,4,0,4,2021,2024,100,3,0.653889528699999,2.70537726580001,80,4,40,76,"High Priority"
"Aegithalos niveogularis",NA,3,0,3,2022,2025,100,2,0.276145162600002,0.17631999999999,100,21,20,76,"High Priority"
"Anser anser",NA,3,0,3,2015,2024,100,3,1.0003954077,0.899672000199999,80,0,40,76,"High Priority"
"Aquila heliaca",NA,3,0,3,2024,2024,100,4,0.311149473500002,1.357828287,80,4,40,76,"High Priority"
"Ardea coromanda",NA,3,0,3,2021,2025,100,3,0.690876532000004,2.5232334195,80,3,40,76,"High Priority"
"Athene brama","Athene brama (Temminck, 1821)",3,3,0,2021,2022,100,3,0.625973000000002,1.030554,80,3,40,76,"High Priority"
"Bubo bubo","Bubo bubo (Linnaeus, 1758)",3,3,0,2020,2024,100,3,0.0409325927000026,0.0758164820000076,80,4,40,76,"High Priority"
"Butastur teesa",NA,3,0,3,2019,2024,100,3,0.324207305899996,0.426811003699996,80,3,40,76,"High Priority"
"Circus aeruginosus","Circus aeruginosus (Linnaeus, 1758)",3,3,0,2021,2023,100,5,1.74690259819999,1.77779269440001,80,5,40,76,"High Priority"
"Clamator jacobinus","Clamator jacobinus (Boddaert, 1783)",3,3,0,2021,2023,100,4,0.973274528699996,2.3858600457,80,4,40,76,"High Priority"
"Coracias benghalensis","Coracias benghalensis (Linnaeus, 1758)",3,3,0,2020,2022,100,3,0.458676000000004,0.255979999999994,80,3,40,76,"High Priority"
"Corvus corone",NA,3,0,3,2023,2025,100,3,2.5465388286,3.7989160658,80,3,40,76,"High Priority"
"Emberiza lathami",NA,3,0,3,2018,2021,100,4,0.636255305899994,0.440552329599996,80,5,40,76,"High Priority"
"Ficedula subrubra",NA,3,0,3,2018,2025,100,3,0.622287579400002,1.0784154408,80,1,40,76,"High Priority"
"Mergus merganser","Mergus merganser Linnaeus, 1758",3,3,0,2020,2023,100,3,0.312137999999997,1.80935359999999,80,2,40,76,"High Priority"
"Montifringilla adamsi",NA,3,0,3,2013,2025,100,3,0.843995999999997,3.75063,80,2,40,76,"High Priority"
"Netta rufina","Netta rufina (Pallas, 1773)",3,3,0,2020,2022,100,5,1.74690259819999,1.7813925,80,3,40,76,"High Priority"
"Oenanthe isabellina",NA,3,0,3,2021,2021,100,3,0.912658598199997,1.13121269440001,80,4,40,76,"High Priority"
"Oenanthe oenanthe","Oenanthe oenanthe (Linnaeus, 1758)",3,3,0,2023,2024,100,5,2.41475926410001,3.75380999999999,80,3,40,76,"High Priority"
"Otus lettia",NA,3,0,3,2024,2024,100,3,0.250258490299998,1.3037449,80,4,40,76,"High Priority"
"Otus spilocephalus","Otus spilocephalus (Blyth, 1846)",3,3,0,2024,2024,100,3,0.618922999999995,0.931850000000011,80,3,40,76,"High Priority"
"Petronia petronia","Petronia petronia (Linnaeus, 1766)",3,3,0,2021,2023,100,4,1.1923587,2.604742,80,1,40,76,"High Priority"
"Phalacrocorax carbo","Phalacrocorax carbo (Linnaeus, 1758)",3,3,0,2019,2023,100,5,1.191071,2.21384690000001,80,1,40,76,"High Priority"
"Porzana pusilla","Zapornia pusilla (Pallas, 1776)",3,3,0,2023,2023,100,3,1.35450700000001,0.932652000000004,80,3,40,76,"High Priority"
"Prinia hodgsonii","Prinia hodgsonii Blyth, 1844",3,3,0,2022,2024,100,3,0.498654000000002,0.928135999999995,80,4,40,76,"High Priority"
"Prunella rubeculoides","Prunella rubeculoides (Moore, 1854)",3,3,0,2020,2023,100,8,1.6778105556,2.841854,60,-5,60,76,"High Priority"
"Scolopax rusticola","Scolopax rusticola Linnaeus, 1758",3,3,0,2020,2024,100,3,1.57525,3.0811173243,80,4,40,76,"High Priority"
"Butastur teesa","Butastur teesa (Franklin, 1831)",2,2,0,2021,2024,100,3,0.324207305899996,0.426811003699996,80,3,40,76,"High Priority"
"Calidris temminckii","Calidris temminckii (Leisler, 1812)",2,2,0,2023,2023,100,3,1.137412795,0.881907133599995,80,4,40,76,"High Priority"
"Calidris temminckii",NA,2,0,2,2021,2023,100,3,1.137412795,0.881907133599995,80,4,40,76,"High Priority"
"Cecropis daurica","Cecropis daurica (Laxmann, 1769)",2,2,0,2024,2024,100,4,0.450807463399997,4.13277446710001,80,4,40,76,"High Priority"
"Cecropis daurica",NA,2,0,2,2021,2023,100,4,0.450807463399997,4.13277446710001,80,4,40,76,"High Priority"
"Chroicocephalus brunnicephalus","Chroicocephalus brunnicephalus (Jerdon, 1840)",2,2,0,2020,2023,100,4,1.192288,4.7896525,80,4,40,76,"High Priority"
"Chroicocephalus brunnicephalus",NA,2,0,2,2020,2024,100,4,1.192288,4.7896525,80,4,40,76,"High Priority"
"Chroicocephalus ridibundus","Chroicocephalus ridibundus (Linnaeus, 1766)",2,2,0,2023,2023,100,4,1.42363,4.37870885940001,80,2,40,76,"High Priority"
"Chroicocephalus ridibundus",NA,2,0,2,2018,2025,100,4,1.42363,4.37870885940001,80,2,40,76,"High Priority"
"Circus aeruginosus",NA,2,0,2,2020,2021,100,5,1.74690259819999,1.77779269440001,80,5,40,76,"High Priority"
"Columba palumbus","Columba palumbus Linnaeus, 1758",2,2,0,2020,2023,100,3,1.303417,1.0615731,80,1,40,76,"High Priority"
"Emberiza buchanani","Emberiza buchanani Blyth, 1845",2,2,0,2021,2025,100,3,2.4126679641,1.5417794042,80,4,40,76,"High Priority"
"Emberiza buchanani",NA,2,0,2,2021,2025,100,3,2.4126679641,1.5417794042,80,4,40,76,"High Priority"
"Linaria flavirostris","Linaria flavirostris (Linnaeus, 1758)",2,2,0,2021,2021,100,3,0.7412829883,3.4708714667,80,1,40,76,"High Priority"
"Merops apiaster","Merops apiaster Linnaeus, 1758",2,2,0,2021,2024,100,3,1.3942237894,2.28253117520001,80,4,40,76,"High Priority"
"Merops apiaster",NA,2,0,2,2024,2025,100,3,1.3942237894,2.28253117520001,80,4,40,76,"High Priority"
"Monticola rufiventris","Monticola rufiventris (Jardine & Selby, 1833)",2,2,0,2021,2022,100,3,0.600505599999998,0.933429099999998,80,3,40,76,"High Priority"
"Netta rufina",NA,2,0,2,2012,2021,100,5,1.74690259819999,1.7813925,80,3,40,76,"High Priority"
"Oenanthe oenanthe",NA,2,0,2,2017,2023,100,5,2.41475926410001,3.75380999999999,80,3,40,76,"High Priority"
"Petronia petronia",NA,2,0,2,2017,2017,100,4,1.1923587,2.604742,80,1,40,76,"High Priority"
"Pseudopodoces humilis","Pseudopodoces humilis (Hume, 1871)",2,2,0,2022,2023,100,3,1.9182243,1.7642498,80,3,40,76,"High Priority"
"Spinus spinus","Spinus spinus (Linnaeus, 1758)",2,2,0,2021,2021,100,3,1.497204,1.40832593490001,80,3,40,76,"High Priority"
"Tadorna ferruginea","Tadorna ferruginea (Pallas, 1764)",2,2,0,2022,2023,100,4,2.7657045339,1.765844,80,4,40,76,"High Priority"
"Tadorna ferruginea",NA,2,0,2,2020,2021,100,4,2.7657045339,1.765844,80,4,40,76,"High Priority"
"Tarsiger chrysaeus",NA,2,0,2,2022,2025,100,1,0.0276220000000009,0.0193099999999902,100,10,20,76,"High Priority"
"Tringa glareola","Tringa glareola Linnaeus, 1758",2,2,0,2023,2024,100,3,1.063730109,1.3256616349,80,1,40,76,"High Priority"
"Tringa totanus","Tringa totanus (Linnaeus, 1758)",2,2,0,2018,2021,100,3,2.2183002791,2.5427327207,80,1,40,76,"High Priority"
"Turdus maximus","Turdus maximus (Seebohm, 1881)",2,2,0,2023,2024,100,3,0.512110021399998,2.10259957849999,80,1,40,76,"High Priority"
"Acrocephalus stentoreus","Acrocephalus stentoreus (Hemprich & Ehrenberg, 1833)",1,1,0,2022,2022,100,5,2.2647895982,2.3800671737,80,5,40,76,"High Priority"
"Anser anser","Anser anser (Linnaeus, 1758)",1,1,0,2018,2018,100,3,1.0003954077,0.899672000199999,80,0,40,76,"High Priority"
"Aquila heliaca","Aquila heliaca Savigny, 1809",1,1,0,2024,2024,100,4,0.311149473500002,1.357828287,80,4,40,76,"High Priority"
"Bubo bubo",NA,1,0,1,2022,2022,100,3,0.0409325927000026,0.0758164820000076,80,4,40,76,"High Priority"
"Bucanetes mongolicus","Bucanetes mongolicus (Swinhoe, 1870)",1,1,0,2021,2021,100,5,2.2762333,3.844414,80,1,40,76,"High Priority"
"Clamator jacobinus",NA,1,0,1,2023,2023,100,4,0.973274528699996,2.3858600457,80,4,40,76,"High Priority"
"Columba palumbus",NA,1,0,1,2018,2018,100,3,1.303417,1.0615731,80,1,40,76,"High Priority"
"Ichthyaetus ichthyaetus",NA,1,0,1,2024,2024,100,4,1.340667453,3.7797471402,80,5,40,76,"High Priority"
"Linaria flavirostris",NA,1,0,1,2016,2016,100,3,0.7412829883,3.4708714667,80,1,40,76,"High Priority"
"Mergus merganser",NA,1,0,1,2017,2017,100,3,0.312137999999997,1.80935359999999,80,2,40,76,"High Priority"
"Monticola rufiventris",NA,1,0,1,2025,2025,100,3,0.600505599999998,0.933429099999998,80,3,40,76,"High Priority"
"Montifringilla adamsi","Montifringilla adamsi Adams, 1859",1,1,0,2021,2021,100,3,0.843995999999997,3.75063,80,2,40,76,"High Priority"
"Motacilla flava",NA,1,0,1,2025,2025,100,4,0.824489999999997,0.682185000000004,80,5,40,76,"High Priority"
"Oenanthe isabellina","Oenanthe isabellina (Temminck, 1829)",1,1,0,2022,2022,100,3,0.912658598199997,1.13121269440001,80,4,40,76,"High Priority"
"Otus lettia","Otus lettia (Hodgson, 1836)",1,1,0,2020,2020,100,3,0.250258490299998,1.3037449,80,4,40,76,"High Priority"
"Prinia hodgsonii",NA,1,0,1,2023,2023,100,3,0.498654000000002,0.928135999999995,80,4,40,76,"High Priority"
"Pseudopodoces humilis",NA,1,0,1,2023,2023,100,3,1.9182243,1.7642498,80,3,40,76,"High Priority"
"Scolopax rusticola",NA,1,0,1,2024,2024,100,3,1.57525,3.0811173243,80,4,40,76,"High Priority"
"Spinus spinus",NA,1,0,1,2021,2021,100,3,1.497204,1.40832593490001,80,3,40,76,"High Priority"
"Tringa glareola",NA,1,0,1,2014,2014,100,3,1.063730109,1.3256616349,80,1,40,76,"High Priority"
"Tringa totanus",NA,1,0,1,2021,2021,100,3,2.2183002791,2.5427327207,80,1,40,76,"High Priority"
"Turdus maximus",NA,1,0,1,2016,2016,100,3,0.512110021399998,2.10259957849999,80,1,40,76,"High Priority"
"Alauda arvensis","Alauda arvensis Linnaeus, 1758",5,5,0,2019,2023,100,5,1.74690259819999,2.6833719,80,6,20,70,"High Priority"
"Heterophasia capistrata","Heterophasia capistrata (Vigors, 1831)",5,5,0,2022,2024,100,3,0.644819056000003,0.0876999999999981,80,6,20,70,"High Priority"
"Alauda gulgula","Alauda gulgula Franklin, 1831",4,4,0,2021,2024,100,5,2.5506773975,1.03311000000001,80,7,20,70,"High Priority"
"Fringilla coelebs","Fringilla coelebs Linnaeus, 1758",4,4,0,2021,2025,100,5,1.8979277637,3.1257066667,80,6,20,70,"High Priority"
"Gallinago gallinago",NA,4,0,4,2022,2025,100,4,1.74690259819999,2.46776269440001,80,7,20,70,"High Priority"
"Lanius excubitor",NA,4,0,4,2020,2022,100,3,0.9071162288,1.1692467065,80,6,20,70,"High Priority"
"Locustella major",NA,4,0,4,2022,2025,100,4,0.293866139599999,0.128932679000002,80,6,20,70,"High Priority"
"Megaceryle lugubris","Megaceryle lugubris (Temminck, 1834)",4,4,0,2023,2024,100,5,0.498187899999998,1.9794296,80,6,20,70,"High Priority"
"Turdus viscivorus","Turdus viscivorus Linnaeus, 1758",4,4,0,2019,2024,100,7,2.375969952,2.46509533700001,60,3,40,70,"High Priority"
"Alauda arvensis",NA,3,0,3,2021,2023,100,5,1.74690259819999,2.6833719,80,6,20,70,"High Priority"
"Alauda gulgula",NA,3,0,3,2024,2024,100,5,2.5506773975,1.03311000000001,80,7,20,70,"High Priority"
"Aythya ferina",NA,3,0,3,2012,2024,100,7,2.3471625,1.8468847,60,1,40,70,"High Priority"
"Aythya fuligula",NA,3,0,3,2012,2025,100,6,1.6787692,3.52997439999999,60,3,40,70,"High Priority"
"Emberiza fucata",NA,3,0,3,2016,2022,100,5,1.0066824162,2.50893173569999,80,8,20,70,"High Priority"
"Ficedula tricolor",NA,3,0,3,2024,2024,100,5,0.823761000000005,1.39911412789999,80,27,20,70,"High Priority"
"Gallinago gallinago","Gallinago gallinago (Linnaeus, 1758)",3,3,0,2021,2025,100,4,1.74690259819999,2.46776269440001,80,7,20,70,"High Priority"
"Oenanthe deserti","Oenanthe deserti (Temminck, 1825)",3,3,0,2022,2024,100,5,1.1608325752,3.7490012734,80,6,20,70,"High Priority"
"Oenanthe deserti",NA,3,0,3,2023,2025,100,5,1.1608325752,3.7490012734,80,6,20,70,"High Priority"
"Prunella himalayana","Prunella himalayana (Blyth, 1842)",3,3,0,2019,2024,100,6,1.4654365294,2.9611611383,60,4,40,70,"High Priority"
"Prunella himalayana",NA,3,0,3,2023,2024,100,6,1.4654365294,2.9611611383,60,4,40,70,"High Priority"
"Strix aluco","Strix aluco Linnaeus, 1758",3,3,0,2021,2024,100,5,1.243182367,2.33415064990001,80,6,20,70,"High Priority"
"Strix aluco",NA,3,0,3,2021,2024,100,5,1.243182367,2.33415064990001,80,6,20,70,"High Priority"
"Turdus viscivorus",NA,3,0,3,2017,2023,100,7,2.375969952,2.46509533700001,60,3,40,70,"High Priority"
"Cephalopyrus flammiceps",NA,2,0,2,2024,2024,100,4,0.613122063200002,1.58122139300001,80,8,20,70,"High Priority"
"Fringilla coelebs",NA,2,0,2,2022,2025,100,5,1.8979277637,3.1257066667,80,6,20,70,"High Priority"
"Lanius excubitor","Lanius excubitor Linnaeus, 1758",2,2,0,2022,2023,100,3,0.9071162288,1.1692467065,80,6,20,70,"High Priority"
"Locustella major","Locustella major (W.E.Brooks, 1871)",2,2,0,2023,2024,100,4,0.293866139599999,0.128932679000002,80,6,20,70,"High Priority"
"Lophura leucomelanos",NA,2,0,2,2021,2024,100,5,0.660356399999998,1.02901881109999,80,17,20,70,"High Priority"
"Megaceryle lugubris",NA,2,0,2,2024,2024,100,5,0.498187899999998,1.9794296,80,6,20,70,"High Priority"
"Picumnus innominatus",NA,2,0,2,2019,2021,100,5,0.704971999999998,1.178753,80,8,20,70,"High Priority"
"Psittacula eupatria","Psittacula eupatria (Linnaeus, 1766)",2,2,0,2024,2024,100,3,0.135187225300001,1.6730989,80,10,20,70,"High Priority"
"Emberiza citrinella","Emberiza citrinella Linnaeus, 1758",1,1,0,2025,2025,100,4,2.3654598217,0.9518546165,80,8,20,70,"High Priority"
"Heterophasia capistrata",NA,1,0,1,2024,2024,100,3,0.644819056000003,0.0876999999999981,80,6,20,70,"High Priority"
"Lophura leucomelanos","Lophura leucomelanos hamiltonii (J.E.Gray, 1829)",1,1,0,2021,2021,100,5,0.660356399999998,1.02901881109999,80,17,20,70,"High Priority"
"Pteruthius xanthochlorus",NA,1,0,1,2024,2024,100,5,0.6363983946,0.517869999999988,80,14,20,70,"High Priority"
"Rallus aquaticus","Rallus aquaticus Linnaeus, 1758",1,1,0,2021,2021,100,4,0.927724088600002,1.13654995509999,80,9,20,70,"High Priority"
"Glaucidium brodiei","Taenioptynx brodiei (Burton, 1836)",10,10,0,2021,2024,80,2,0.154724000000002,0.134129999999999,100,10,20,68,"High Priority"
"Tarsiger chrysaeus","Tarsiger chrysaeus Hodgson, 1845",8,8,0,2022,2025,80,1,0.0276220000000009,0.0193099999999902,100,10,20,68,"High Priority"
"Acrocephalus stentoreus",NA,6,0,6,2018,2024,80,5,2.2647895982,2.3800671737,80,5,40,68,"High Priority"
"Aegithalos leucogenys","Aegithalos leucogenys (Moore, 1854)",6,6,0,2019,2024,80,3,0.736414000000003,0.700400000000002,80,4,40,68,"High Priority"
"Calliope pectoralis",NA,6,0,6,2016,2023,80,5,2.1184456495,2.6427374754,80,4,40,68,"High Priority"
"Emberiza lathami","Emberiza lathami J.E.Gray, 1831",6,6,0,2021,2022,80,4,0.636255305899994,0.440552329599996,80,5,40,68,"High Priority"
"Haliastur indus","Haliastur indus (Boddaert, 1783)",6,6,0,2020,2020,80,1,0,0,100,6,20,68,"High Priority"
"Mareca penelope","Mareca penelope (Linnaeus, 1758)",6,6,0,2018,2023,80,4,0.68197,0.913460000000001,80,4,40,68,"High Priority"
"Carpodacus grandis","Carpodacus grandis Blyth, 1849",5,5,0,2021,2024,100,8,2.4566092,4.85708837830001,60,7,20,64,"High Priority"
"Cinclus cinclus",NA,5,0,5,2017,2024,100,9,2.48737089999999,1.958162,60,9,20,64,"High Priority"
"Leucosticte brandti",NA,5,0,5,2013,2022,100,7,2.8217123055,4.9960183333,60,9,20,64,"High Priority"
"Phylloscopus affinis",NA,5,0,5,2002,2024,100,8,2.3100527634,5.12808566380001,60,8,20,64,"High Priority"
"Prunella atrogularis",NA,5,0,5,2022,2024,100,8,1.74690259819999,2.4239685,60,11,20,64,"High Priority"
"Anas crecca",NA,4,0,4,2022,2025,100,8,1.7460950083,2.20596995509999,60,12,20,64,"High Priority"
"Buteo refectus","Buteo refectus Portenko, 1935",4,4,0,2020,2021,100,7,1.24439275029999,2.2255478413,60,10,20,64,"High Priority"
"Catreus wallichii",NA,4,0,4,2021,2024,100,6,0.464888471499997,0.757911417599999,60,6,20,64,"High Priority"
"Columba leuconota",NA,4,0,4,2011,2024,100,9,1.59562040940001,2.83607000000001,60,6,20,64,"High Priority"
"Leptopoecile sophiae",NA,4,0,4,2021,2025,100,6,1.8954150327,3.1240040255,60,9,20,64,"High Priority"
"Lophophorus impejanus",NA,4,0,4,2021,2025,100,9,1.007535,1.05791499999999,60,13,20,64,"High Priority"
"Niltava sundara",NA,4,0,4,2020,2025,100,6,0.661824000000003,1.5310150743,60,15,20,64,"High Priority"
"Pernis ptilorhynchus",NA,4,0,4,2020,2022,100,9,2.2680491138,2.55528451410001,60,11,20,64,"High Priority"
"Phoenicurus erythronotus",NA,4,0,4,2017,2025,100,9,2.368942,2.47264418869999,60,9,20,64,"High Priority"
"Phoenicurus frontalis",NA,4,0,4,2016,2025,100,8,2.3034360866,3.87519999999999,60,7,20,64,"High Priority"
"Regulus regulus",NA,4,0,4,2022,2025,100,10,1.75728119999999,2.22094779999999,60,30,20,64,"High Priority"
"Tetraogallus himalayensis",NA,4,0,4,2019,2025,100,9,2.3934414968,4.76694297669999,60,7,20,64,"High Priority"
"Ceryle rudis","Ceryle rudis (Linnaeus, 1758)",3,3,0,2023,2024,100,6,0.6541228269,2.7723608494,60,14,20,64,"High Priority"
"Coracias garrulus",NA,3,0,3,2020,2024,100,10,1.3148981377,2.3712220429,60,10,20,64,"High Priority"
"Culicicapa ceylonensis",NA,3,0,3,2021,2024,100,8,1.40765,1.12515,60,26,20,64,"High Priority"
"Emberiza leucocephalos","Emberiza leucocephalos S.G.Gmelin, 1771",3,3,0,2021,2025,100,7,2.3521836085,2.73469900000001,60,11,20,64,"High Priority"
"Francolinus francolinus",NA,3,0,3,2018,2024,100,7,0.702621416599996,0.985860000000002,60,25,20,64,"High Priority"
"Fringilla montifringilla","Fringilla montifringilla Linnaeus, 1758",3,3,0,2021,2025,100,8,2.4052092418,1.39325307039999,60,11,20,64,"High Priority"
"Glaucidium cuculoides",NA,3,0,3,2018,2024,100,7,0.593208887899998,1.7452654571,60,8,20,64,"High Priority"
"Ibidorhyncha struthersii","Ibidorhyncha struthersii Vigors, 1832",3,3,0,2022,2023,100,7,1.2380399984,3.8187764043,60,15,20,64,"High Priority"
"Orthotomus sutorius",NA,3,0,3,2018,2024,100,6,0.365845694899996,0.402092670399995,60,18,20,64,"High Priority"
"Petrochelidon fluvicola",NA,3,0,3,2022,2025,100,6,0.695723000000001,1.362645,60,12,20,64,"High Priority"
"Prunella collaris",NA,3,0,3,2005,2023,100,8,1.3266899091,3.89622999999999,60,11,20,64,"High Priority"
"Vanellus indicus",NA,3,0,3,2019,2024,100,9,0.257618678299998,2.85122976870001,60,8,20,64,"High Priority"
"Aquila nipalensis",NA,2,0,2,2024,2024,100,7,0.511809999999997,1.3643138803,60,8,20,64,"High Priority"
"Catreus wallichii","Catreus wallichii (Hardwicke, 1827)",2,2,0,2022,2022,100,6,0.464888471499997,0.757911417599999,60,6,20,64,"High Priority"
"Certhia hodgsoni",NA,2,0,2,2017,2024,100,6,2.2152294651,2.1310525,60,10,20,64,"High Priority"
"Garrulus lanceolatus",NA,2,0,2,2023,2024,100,10,1.20616,1.7899125,60,18,20,64,"High Priority"
"Lanius vittatus",NA,2,0,2,2021,2022,100,7,2.145790733,3.70280978539999,60,9,20,64,"High Priority"
"Motacilla maderaspatensis",NA,2,0,2,2023,2023,100,7,1.417992,2.73774071539999,60,12,20,64,"High Priority"
"Phylloscopus tytleri",NA,2,0,2,2022,2024,100,6,1.640518,3.63724999999999,60,8,20,64,"High Priority"
"Psilopogon asiaticus",NA,2,0,2,2017,2018,100,8,0.546697280499998,0.329615113000003,60,9,20,64,"High Priority"
"Ptyonoprogne rupestris",NA,2,0,2,2024,2025,100,7,1.824872,2.51738641510001,60,9,20,64,"High Priority"
"Tachybaptus ruficollis","Tachybaptus ruficollis (Pallas, 1764)",2,2,0,2019,2023,100,8,1.4561385982,2.339626,60,13,20,64,"High Priority"
"Tachymarptis melba",NA,2,0,2,2021,2024,100,10,1.1202613611,1.16065833329999,60,29,20,64,"High Priority"
"Tyto javanica","Tyto javanica (J.F.Gmelin, 1788)",2,2,0,2020,2023,100,6,0.829956648,2.5387411752,60,11,20,64,"High Priority"
"Anas acuta",NA,1,0,1,2024,2024,100,7,2.1210761892,2.4784019491,60,7,20,64,"High Priority"
"Falco peregrinus","Falco peregrinus babylonicus P.L.Sclater, 1861",1,1,0,2024,2024,100,10,1.5457305982,2.51643890000001,60,21,20,64,"High Priority"
"Falco peregrinus","Falco peregrinus peregrinator Sundevall, 1837",1,1,0,2024,2024,100,10,1.5457305982,2.51643890000001,60,21,20,64,"High Priority"
"Phylloscopus subviridis",NA,1,0,1,2022,2022,100,9,1.5637200495,1.62074,60,18,20,64,"High Priority"
"Rhipidura albicollis",NA,1,0,1,2018,2018,100,6,0.703786000000001,1.0145,60,11,20,64,"High Priority"
"Chlidonias hybrida",NA,10,0,10,2014,2025,80,4,0.24306653,0.202642974900002,80,6,20,62,"High Priority"
"Corvus frugilegus","Corvus frugilegus Linnaeus, 1758",10,10,0,2020,2024,80,5,0.387826000000004,1.17694999999999,80,10,20,62,"High Priority"
"Picumnus innominatus","Picumnus innominatus Burton, 1836",10,10,0,2019,2024,80,5,0.704971999999998,1.178753,80,8,20,62,"High Priority"
"Seicercus whistleri","Phylloscopus whistleri (Ticehurst, 1925)",10,10,0,2021,2025,80,4,0.567405999999998,0.265492000000009,80,10,20,62,"High Priority"
"Sitta cinnamoventris","Sitta cinnamoventris Blyth, 1842",10,10,0,2021,2024,80,5,1.406601,0.865735999999998,80,10,20,62,"High Priority"
"Leiothrix lutea","Leiothrix lutea (Scopoli, 1786)",9,9,0,2020,2024,80,5,0.630782999999994,0.151440000000008,80,9,20,62,"High Priority"
"Oenanthe picata","Oenanthe picata (Blyth, 1847)",8,8,0,2018,2024,80,6,1.795616,1.16359,60,4,40,62,"High Priority"
"Psittacula eupatria",NA,8,0,8,2020,2024,80,3,0.135187225300001,1.6730989,80,10,20,62,"High Priority"
"Rallus aquaticus",NA,8,0,8,2020,2025,80,4,0.927724088600002,1.13654995509999,80,9,20,62,"High Priority"
"Cuculus saturatus","Cuculus saturatus Blyth, 1843",7,7,0,2022,2024,80,4,1.14044,0.936220000000006,80,7,20,62,"High Priority"
"Curruca curruca",NA,7,0,7,2017,2025,80,7,2.8591163684,5.2011471319,60,3,40,62,"High Priority"
"Elanus caeruleus","Elanus caeruleus (Desfontaines, 1789)",7,7,0,2020,2023,80,5,0.0770200000000045,1.16815,80,7,20,62,"High Priority"
"Emberiza citrinella",NA,7,0,7,2022,2025,80,4,2.3654598217,0.9518546165,80,8,20,62,"High Priority"
"Emberiza fucata","Emberiza fucata Pallas, 1776",7,7,0,2020,2023,80,5,1.0066824162,2.50893173569999,80,8,20,62,"High Priority"
"Garrulus glandarius","Garrulus glandarius (Linnaeus, 1758)",7,7,0,2020,2024,80,4,0.605938000000002,0.110650000000007,80,7,20,62,"High Priority"
"Monticola cinclorhyncha",NA,7,0,7,2021,2024,80,5,1.6827622843,2.4778219186,80,7,20,62,"High Priority"
"Acrocephalus dumetorum","Acrocephalus dumetorum Blyth, 1849",6,6,0,2021,2024,80,5,0.828789,1.10289,80,6,20,62,"High Priority"
"Aythya ferina","Aythya ferina (Linnaeus, 1758)",6,6,0,2018,2023,80,7,2.3471625,1.8468847,60,1,40,62,"High Priority"
"Aythya fuligula","Aythya fuligula (Linnaeus, 1758)",6,6,0,2018,2021,80,6,1.6787692,3.52997439999999,60,3,40,62,"High Priority"
"Cephalopyrus flammiceps","Cephalopyrus flammiceps (Burton, 1836)",6,6,0,2021,2024,80,4,0.613122063200002,1.58122139300001,80,8,20,62,"High Priority"
"Zapornia fusca",NA,6,0,6,2020,2023,80,3,0.210357812299996,0.418322590299994,80,6,20,62,"High Priority"
"Turdoides striata","Argya striata (Dumont, 1823)",20,20,0,2020,2024,60,2,0.200600000000001,0.153729999999996,100,20,20,60,"High Priority"
"Aegithalos niveogularis","Aegithalos niveogularis (Gould, 1855)",18,18,0,2022,2025,60,2,0.276145162600002,0.17631999999999,100,21,20,60,"High Priority"
"Prunella rubeculoides",NA,14,0,14,2012,2025,60,8,1.6778105556,2.841854,60,-5,60,60,"High Priority"
"Falco subbuteo",NA,5,0,5,2019,2025,100,12,2.3188745719,3.95676111109999,40,14,20,58,"Medium Priority"
"Phoenicurus coeruleocephala",NA,5,0,5,2021,2025,100,17,1.731364,1.7506110245,40,35,20,58,"Medium Priority"
"Phylloscopus trochiloides",NA,5,0,5,2022,2025,100,20,1.7624392925,3.622550257,40,28,20,58,"Medium Priority"
"Tarsiger rufilatus",NA,5,0,5,2016,2025,100,13,2.198542,2.7688661464,40,43,20,58,"Medium Priority"
"Acridotheres ginginianus",NA,4,0,4,2020,2021,100,14,1.142914,1.43486,40,73,20,58,"Medium Priority"
"Muscicapa sibirica",NA,4,0,4,2017,2024,100,14,2.1064600495,1.6174680753,40,28,20,58,"Medium Priority"
"Mycerobas icterioides",NA,4,0,4,2018,2024,100,11,1.23004,2.74925578129999,40,37,20,58,"Medium Priority"
"Prinia crinigera",NA,4,0,4,2019,2024,100,14,1.155805,1.21037,40,16,20,58,"Medium Priority"
"Anthus trivialis",NA,3,0,3,2018,2023,100,11,2.4098625982,2.4549026944,40,11,20,58,"Medium Priority"
"Dendrocitta vagabunda",NA,3,0,3,2018,2024,100,19,0.921622999999997,2.0066109127,40,55,20,58,"Medium Priority"
"Horornis fortipes",NA,3,0,3,2022,2024,100,17,1.49448,1.428995,40,70,20,58,"Medium Priority"
"Psilopogon virens",NA,3,0,3,2016,2024,100,15,1.07487399999999,2.64943890000001,40,71,20,58,"Medium Priority"
"Turdus rubrocanus",NA,3,0,3,2025,2025,100,11,1.18452,2.5617099685,40,32,20,58,"Medium Priority"
"Apus apus",NA,2,0,2,2023,2025,100,18,2.1412,4.62081400000001,40,37,20,58,"Medium Priority"
"Eudynamys scolopaceus",NA,2,0,2,2020,2020,100,12,0.827203000000004,2.47381922540001,40,61,20,58,"Medium Priority"
"Oenanthe fusca",NA,2,0,2,2024,2024,100,13,0.844758000000006,1.426861414,40,28,20,58,"Medium Priority"
"Phylloscopus sindianus","Phylloscopus sindianus sindianus W.E.Brooks, 1880",1,1,0,2022,2022,100,20,2.921975,5.22804416529999,40,25,20,58,"Medium Priority"
"Anas acuta","Anas acuta Linnaeus, 1758",10,10,0,2018,2023,80,7,2.1210761892,2.4784019491,60,7,20,56,"Medium Priority"
"Certhia hodgsoni","Certhia hodgsoni W.E.Brooks, 1871",10,10,0,2020,2024,80,6,2.2152294651,2.1310525,60,10,20,56,"Medium Priority"
"Falco peregrinus",NA,10,0,10,2020,2024,80,10,1.5457305982,2.51643890000001,60,21,20,56,"Medium Priority"
"Leucosticte brandti","Leucosticte brandti Bonaparte, 1850",10,10,0,2022,2024,80,7,2.8217123055,4.9960183333,60,9,20,56,"Medium Priority"
"Motacilla maderaspatensis","Motacilla maderaspatensis Gmelin, 1789",10,10,0,2021,2024,80,7,1.417992,2.73774071539999,60,12,20,56,"Medium Priority"
"Prunella collaris","Prunella collaris (Scopoli, 1769)",10,10,0,2021,2024,80,8,1.3266899091,3.89622999999999,60,11,20,56,"Medium Priority"
"Spatula clypeata",NA,10,0,10,2012,2024,80,9,1.7359818865,4.47484036020001,60,13,20,56,"Medium Priority"
"Ardea cinerea","Ardea cinerea Linnaeus, 1758",9,9,0,2021,2023,80,9,1.0692145245,2.9753036,60,16,20,56,"Medium Priority"
"Buteo rufinus",NA,9,0,9,2020,2024,80,9,0.970298598199996,2.7102652084,60,15,20,56,"Medium Priority"
"Coracias garrulus","Coracias garrulus Linnaeus, 1758",9,9,0,2018,2024,80,10,1.3148981377,2.3712220429,60,10,20,56,"Medium Priority"
"Falco peregrinus","Falco peregrinus Tunstall, 1771",9,9,0,2022,2024,80,10,1.5457305982,2.51643890000001,60,21,20,56,"Medium Priority"
"Lophophorus impejanus","Lophophorus impejanus (Latham, 1790)",9,9,0,2021,2025,80,9,1.007535,1.05791499999999,60,13,20,56,"Medium Priority"
"Nycticorax nycticorax",NA,9,0,9,2015,2024,80,7,0.760676669299997,2.53756642580001,60,55,20,56,"Medium Priority"
"Petrochelidon fluvicola","Petrochelidon fluvicola (Blyth, 1855)",9,9,0,2021,2024,80,6,0.695723000000001,1.362645,60,12,20,56,"Medium Priority"
"Phoenicurus frontalis","Phoenicurus frontalis Vigors, 1832",9,9,0,2019,2025,80,8,2.3034360866,3.87519999999999,60,7,20,56,"Medium Priority"
"Tyto javanica",NA,9,0,9,2022,2025,80,6,0.829956648,2.5387411752,60,11,20,56,"Medium Priority"
"Carpodacus grandis",NA,8,0,8,2019,2024,80,8,2.4566092,4.85708837830001,60,7,20,56,"Medium Priority"
"Carpodacus rodochroa",NA,8,0,8,2021,2025,80,6,0.593978887899993,2.53845890000001,60,33,20,56,"Medium Priority"
"Cinclus cinclus","Cinclus cinclus (Linnaeus, 1758)",8,8,0,2019,2024,80,9,2.48737089999999,1.958162,60,9,20,56,"Medium Priority"
"Emberiza leucocephalos",NA,8,0,8,2022,2025,80,7,2.3521836085,2.73469900000001,60,11,20,56,"Medium Priority"
"Fringilla montifringilla",NA,8,0,8,2022,2025,80,8,2.4052092418,1.39325307039999,60,11,20,56,"Medium Priority"
"Gypaetus barbatus","Gypaetus barbatus (Linnaeus, 1758)",8,8,0,2019,2023,80,18,2.8433711983,4.4059306425,40,2,40,56,"Medium Priority"
"Phylloscopus tytleri","Phylloscopus tytleri W.E.Brooks, 1871",8,8,0,2019,2024,80,6,1.640518,3.63724999999999,60,8,20,56,"Medium Priority"
"Ardea cinerea",NA,7,0,7,2022,2025,80,9,1.0692145245,2.9753036,60,16,20,56,"Medium Priority"
"Carpodacus rubicilla","Carpodacus rubicilla (Güldenstädt, 1775)",7,7,0,2018,2023,80,11,2.449046,3.76903,40,1,40,56,"Medium Priority"
"Cinnyris asiaticus",NA,7,0,7,2021,2024,80,7,0.761503000000005,1.11357206850001,60,31,20,56,"Medium Priority"
"Glaucidium cuculoides","Glaucidium cuculoides (Vigors, 1831)",7,7,0,2021,2024,80,7,0.593208887899998,1.7452654571,60,8,20,56,"Medium Priority"
"Lanius vittatus","Lanius vittatus Valenciennes, 1826",7,7,0,2021,2024,80,7,2.145790733,3.70280978539999,60,9,20,56,"Medium Priority"
"Leptopoecile sophiae","Leptopoecile sophiae Severtzov, 1873",7,7,0,2019,2025,80,6,1.8954150327,3.1240040255,60,9,20,56,"Medium Priority"
"Phoenicurus erythronotus","Phoenicurus erythronotus (Eversmann, 1841)",7,7,0,2020,2025,80,9,2.368942,2.47264418869999,60,9,20,56,"Medium Priority"
"Ptyonoprogne rupestris","Ptyonoprogne rupestris (Scopoli, 1769)",7,7,0,2020,2025,80,7,1.824872,2.51738641510001,60,9,20,56,"Medium Priority"
"Spatula clypeata","Spatula clypeata (Linnaeus, 1758)",7,7,0,2019,2023,80,9,1.7359818865,4.47484036020001,60,13,20,56,"Medium Priority"
"Tetraogallus himalayensis","Tetraogallus himalayensis G.R.Gray, 1843",7,7,0,2022,2023,80,9,2.3934414968,4.76694297669999,60,7,20,56,"Medium Priority"
"Vanellus indicus","Vanellus indicus (Boddaert, 1783)",7,7,0,2020,2024,80,9,0.257618678299998,2.85122976870001,60,8,20,56,"Medium Priority"
"Aquila nipalensis","Aquila nipalensis Hodgson, 1833",6,6,0,2020,2024,80,7,0.511809999999997,1.3643138803,60,8,20,56,"Medium Priority"
"Buteo refectus",NA,6,0,6,2024,2024,80,7,1.24439275029999,2.2255478413,60,10,20,56,"Medium Priority"
"Buteo rufinus","Buteo rufinus (Cretzschmar, 1829)",6,6,0,2021,2023,80,9,0.970298598199996,2.7102652084,60,15,20,56,"Medium Priority"
"Callacanthis burtoni",NA,6,0,6,2018,2025,80,6,1.7528751565,2.8423667326,60,16,20,56,"Medium Priority"
"Carpodacus rubicilla",NA,6,0,6,2013,2023,80,11,2.449046,3.76903,40,1,40,56,"Medium Priority"
"Columba leuconota","Columba leuconota Vigors, 1831",6,6,0,2022,2023,80,9,1.59562040940001,2.83607000000001,60,6,20,56,"Medium Priority"
"Larvivora brunnea",NA,6,0,6,2021,2025,80,6,1.20866050879999,2.1643452894,60,6,20,56,"Medium Priority"
"Prunella atrogularis","Prunella atrogularis (Brandt, 1843)",6,6,0,2020,2024,80,8,1.74690259819999,2.4239685,60,11,20,56,"Medium Priority"
"Turdus boulboul",NA,6,0,6,2022,2025,80,6,0.588520000000003,1.95643427959999,60,18,20,56,"Medium Priority"
"Lophura leucomelanos","Lophura leucomelanos (Latham, 1790)",14,14,0,2022,2024,60,5,0.660356399999998,1.02901881109999,80,17,20,54,"Medium Priority"
"Pteruthius xanthochlorus","Pteruthius xanthochlorus J.E.Gray & G.R.Gray, 1847",13,13,0,2020,2024,60,5,0.6363983946,0.517869999999988,80,14,20,54,"Medium Priority"
"Pucrasia macrolopha","Pucrasia macrolopha (R.Lesson, 1829)",13,13,0,2019,2024,60,5,0.641080000000002,1.10817,80,9,20,54,"Medium Priority"
"Hirundo smithii","Hirundo smithii Leach & K.D.Koenig, 1818",12,12,0,2021,2024,60,5,0.702739999999999,1.06603,80,12,20,54,"Medium Priority"
"Muscicapa ruficauda","Ficedula ruficauda (Swainson, 1838)",11,11,0,2021,2024,60,5,0.918559999999999,1.1686,80,11,20,54,"Medium Priority"
"Pavo cristatus","Pavo cristatus Linnaeus, 1758",23,23,0,2020,2020,40,1,0,0,100,23,20,52,"Medium Priority"
"Acridotheres fuscus",NA,5,0,5,2020,2025,100,22,1.4483,1.57343,20,69,20,52,"Medium Priority"
"Columba livia","Columba livia var. domestica J.F.Gmelin, 1789",5,5,0,2024,2024,100,41,1.5218619,5.34932435339999,20,213,20,52,"Medium Priority"
"Corvus corax",NA,5,0,5,2015,2025,100,27,2.3774277939,4.16112,20,52,20,52,"Medium Priority"
"Falco tinnunculus",NA,5,0,5,2021,2025,100,29,2.212584,5.0566361426,20,39,20,52,"Medium Priority"
"Saxicola caprata",NA,5,0,5,2018,2024,100,23,1.2886771859,1.48099000000001,20,37,20,52,"Medium Priority"
"Sturnia pagodarum",NA,5,0,5,2021,2024,100,22,2.268253,1.82015411889999,20,72,20,52,"Medium Priority"
"Apus affinis",NA,4,0,4,2020,2024,100,24,1.358646,1.482935,20,310,20,52,"Medium Priority"
"Spilopelia chinensis",NA,4,0,4,2018,2025,100,22,0.943581000000002,1.31828,20,73,20,52,"Medium Priority"
"Periparus ater","Periparus ater melanolophus (Vigors, 1831)",2,2,0,2024,2025,100,33,1.98636699999999,4.3181189722,20,123,20,52,"Medium Priority"
"Motacilla citreola","Motacilla citreola calcarata Hodgson, 1836",1,1,0,2022,2022,100,38,2.8413228252,5.3823827539,20,61,20,52,"Medium Priority"
"Passer montanus","Passer montanus dilutus Richmond, 1896",1,1,0,2022,2022,100,22,2.72225,1.71398000000001,20,294,20,52,"Medium Priority"
"Tragopan melanocephalus","Tragopan melanocephalus (J.E.Gray, 1829)",53,53,0,2018,2019,20,6,0.163600026499999,0.142232443799998,60,-52,80,50,"Medium Priority"
"Anthus roseatus",NA,10,0,10,2020,2024,80,14,1.4754124782,5.29899293000001,40,21,20,50,"Medium Priority"
"Anthus spinoletta",NA,10,0,10,2018,2025,80,11,2.4152958982,2.5312881,40,26,20,50,"Medium Priority"
"Anthus trivialis","Anthus trivialis (Linnaeus, 1758)",10,10,0,2021,2024,80,11,2.4098625982,2.4549026944,40,11,20,50,"Medium Priority"
"Columba rupestris","Columba rupestris Pallas, 1811",10,10,0,2019,2024,80,18,2.9496807678,5.30889000000001,40,8,20,50,"Medium Priority"
"Cuculus canorus",NA,10,0,10,2014,2024,80,12,1.2706746528,2.24915700000001,40,21,20,50,"Medium Priority"
"Dendrocoptes auriceps",NA,10,0,10,2020,2024,80,14,0.807382099999998,2.54001000000001,40,40,20,50,"Medium Priority"
"Fulica atra",NA,10,0,10,2021,2025,80,12,2.2647895982,5.141422284,40,18,20,50,"Medium Priority"
"Tringa ochropus",NA,10,0,10,2019,2024,80,12,2.2603384443,2.5526959635,40,25,20,50,"Medium Priority"
"Lonchura punctulata",NA,9,0,9,2018,2024,80,14,1.15994659819999,2.50371269440001,40,38,20,50,"Medium Priority"
"Luscinia svecica","Luscinia svecica (Linnaeus, 1758)",9,9,0,2018,2025,80,13,2.4350190404,4.62707896249999,40,16,20,50,"Medium Priority"
"Parus monticolus",NA,9,0,9,2019,2025,80,19,1.25156699999999,2.67245,40,82,20,50,"Medium Priority"
"Prunella strophiata",NA,9,0,9,2017,2025,80,15,1.69873,4.5961657933,40,30,20,50,"Medium Priority"
"Psittacula himalayana",NA,9,0,9,2016,2024,80,19,0.715905079700001,4.23692802289999,40,39,20,50,"Medium Priority"
"Sitta leucopsis",NA,9,0,9,2021,2025,80,13,1.75728489999999,2.8389396,40,63,20,50,"Medium Priority"
"Aquila chrysaetos",NA,8,0,8,2013,2025,80,16,2.4213795434,4.403935828,40,14,20,50,"Medium Priority"
"Eremophila alpestris",NA,8,0,8,2016,2025,80,13,2.37486163720001,4.4064683333,40,13,20,50,"Medium Priority"
"Nucifraga multipunctata","Nucifraga multipunctata Gould, 1849",8,8,0,2019,2024,80,11,2.1611817958,2.3058525,40,13,20,50,"Medium Priority"
"Turdus atrogularis",NA,8,0,8,2020,2024,80,14,2.2117830341,2.7620239,40,20,20,50,"Medium Priority"
"Gallinula chloropus","Gallinula chloropus (Linnaeus, 1758)",7,7,0,2019,2023,80,13,2.2642482,2.4186710636,40,27,20,50,"Medium Priority"
"Hieraaetus pennatus",NA,7,0,7,2020,2024,80,13,2.0846760495,3.07000020000001,40,23,20,50,"Medium Priority"
"Nucifraga multipunctata",NA,7,0,7,2022,2025,80,11,2.1611817958,2.3058525,40,13,20,50,"Medium Priority"
"Psittacula krameri",NA,7,0,7,2018,2024,80,14,2.2565697191,2.6195897436,40,162,20,50,"Medium Priority"
"Sitta cashmirensis",NA,7,0,7,2020,2025,80,11,1.5203972,2.43198249999999,40,36,20,50,"Medium Priority"
"Tichodroma muraria",NA,7,0,7,2018,2024,80,17,2.8993042338,3.96323452599999,40,21,20,50,"Medium Priority"
"Actitis hypoleucos",NA,6,0,6,2015,2025,80,15,2.2568659641,3.2000295818,40,23,20,50,"Medium Priority"
"Aegithalos concinnus",NA,6,0,6,2018,2025,80,14,1.2358049,3.0250096,40,43,20,50,"Medium Priority"
"Ficedula superciliaris",NA,6,0,6,2016,2024,80,13,1.24788964,2.5010440219,40,27,20,50,"Medium Priority"
"Phylloscopus chloronotus",NA,6,0,6,2021,2025,80,18,1.4750812751,2.53841,40,55,20,50,"Medium Priority"
"Phylloscopus collybita",NA,6,0,6,2019,2025,80,15,2.4036377398,2.4468428494,40,17,20,50,"Medium Priority"
"Prunella fulvescens",NA,6,0,6,2013,2025,80,14,2.80325606429999,5.30249000000001,40,15,20,50,"Medium Priority"
"Streptopelia decaocto",NA,6,0,6,2020,2024,80,14,0.917824000000003,2.19800370610001,40,19,20,50,"Medium Priority"
"Motacilla alba","Motacilla alba personata Gould, 1861",3,3,0,2019,2022,100,71,2.310993,5.411490054,10,281,20,49,"Medium Priority"
"Parus cinereus","Parus cinereus caschmirensis Hartert, 1905",1,1,0,2019,2019,100,70,2.5276784443,5.27750083260001,10,247,20,49,"Medium Priority"
"Garrulus lanceolatus","Garrulus lanceolatus Vigors, 1831",18,18,0,2019,2024,60,10,1.20616,1.7899125,60,18,20,48,"Medium Priority"
"Orthotomus sutorius","Orthotomus sutorius (Pennant, 1769)",17,17,0,2020,2024,60,6,0.365845694899996,0.402092670399995,60,18,20,48,"Medium Priority"
"Phylloscopus subviridis","Phylloscopus subviridis (W.E.Brooks, 1872)",17,17,0,2020,2024,60,9,1.5637200495,1.62074,60,18,20,48,"Medium Priority"
"Ceryle rudis",NA,15,0,15,2005,2025,60,6,0.6541228269,2.7723608494,60,14,20,48,"Medium Priority"
"Niltava sundara","Niltava sundara Hodgson, 1837",15,15,0,2019,2025,60,6,0.661824000000003,1.5310150743,60,15,20,48,"Medium Priority"
"Luscinia pectoralis","Calliope pectoralis Gould, 1837",14,14,0,2019,2024,60,8,1.29751899999999,3.90246099999999,60,12,20,48,"Medium Priority"
"Rhipidura albicollis","Rhipidura albicollis (Vieillot, 1818)",14,14,0,2019,2024,60,6,0.703786000000001,1.0145,60,11,20,48,"Medium Priority"
"Psilopogon asiaticus","Psilopogon asiaticus (Latham, 1790)",13,13,0,2019,2024,60,8,0.546697280499998,0.329615113000003,60,9,20,48,"Medium Priority"
"Anas crecca","Anas crecca Linnaeus, 1758",12,12,0,2018,2023,60,8,1.7460950083,2.20596995509999,60,12,20,48,"Medium Priority"
"Callacanthis burtoni","Callacanthis burtoni (Gould, 1838)",12,12,0,2021,2025,60,6,1.7528751565,2.8423667326,60,16,20,48,"Medium Priority"
"Gypaetus barbatus",NA,12,0,12,2013,2023,60,18,2.8433711983,4.4059306425,40,2,40,48,"Medium Priority"
"Ibidorhyncha struthersii",NA,12,0,12,2021,2025,60,7,1.2380399984,3.8187764043,60,15,20,48,"Medium Priority"
"Porphyrio poliocephalus",NA,12,0,12,2020,2025,60,6,0.242481986600005,0.188353708299999,60,12,20,48,"Medium Priority"
"Pyrrhula aurantiaca",NA,12,0,12,2018,2024,60,8,0.606880000000004,2.08288232000001,60,29,20,48,"Medium Priority"
"Turdus boulboul","Turdus boulboul (Latham, 1790)",12,12,0,2021,2024,60,6,0.588520000000003,1.95643427959999,60,18,20,48,"Medium Priority"
"Delichon dasypus","Delichon dasypus (Bonaparte, 1850)",11,11,0,2019,2024,60,6,2.204941,1.53803000000001,60,9,20,48,"Medium Priority"
"Pernis ptilorhynchus","Pernis ptilorhynchus (Temminck, 1821)",11,11,0,2019,2024,60,9,2.2680491138,2.55528451410001,60,11,20,48,"Medium Priority"
"Phylloscopus affinis","Phylloscopus affinis (Tickell, 1833)",11,11,0,2021,2024,60,8,2.3100527634,5.12808566380001,60,8,20,48,"Medium Priority"
"Saxicoloides fulicatus","Copsychus fulicatus (Linnaeus, 1766)",11,11,0,2020,2024,60,6,0.88015,1.35628,60,11,20,48,"Medium Priority"
"Sylvia curruca","Curruca curruca (Linnaeus, 1758)",11,11,0,2019,2024,60,10,2.492234,4.16292,60,9,20,48,"Medium Priority"
"Ficedula tricolor","Ficedula tricolor (Hodgson, 1845)",26,26,0,2019,2024,40,5,0.823761000000005,1.39911412789999,80,27,20,46,"Medium Priority"
"Passer montanus",NA,10,0,10,2019,2025,80,22,2.72225,1.71398000000001,20,294,20,44,"Medium Priority"
"Pericrocotus ethologus",NA,10,0,10,2021,2024,80,33,1.75782259819999,2.6693280194,20,77,20,44,"Medium Priority"
"Dicrurus leucophaeus",NA,9,0,9,2021,2024,80,34,1.4997352139,2.5199570855,20,75,20,44,"Medium Priority"
"Dicrurus macrocercus",NA,9,0,9,2018,2025,80,41,1.485699,2.77615400000001,20,289,20,44,"Medium Priority"
"Eumyias thalassinus",NA,8,0,8,2016,2025,80,23,1.181674,2.0215440767,20,51,20,44,"Medium Priority"
"Phylloscopus occipitalis",NA,7,0,7,2023,2025,80,28,1.76340999999999,3.09933460000001,20,83,20,44,"Medium Priority"
"Phylloscopus humei",NA,6,0,6,2017,2025,80,37,2.40414287390001,5.1942106426,20,196,20,44,"Medium Priority"
"Spilopelia senegalensis",NA,6,0,6,2021,2024,80,25,2.256743,2.280459237,20,55,20,44,"Medium Priority"
"Prinia crinigera","Prinia crinigera Hodgson, 1836",20,20,0,2019,2024,60,14,1.155805,1.21037,40,16,20,42,"Medium Priority"
"Sturnus vulgaris",NA,19,0,19,2015,2025,60,16,1.7485102977,4.10922666670001,40,27,20,42,"Medium Priority"
"Hieraaetus pennatus","Hieraaetus pennatus (Gmelin, 1788)",18,18,0,2019,2024,60,13,2.0846760495,3.07000020000001,40,23,20,42,"Medium Priority"
"Tichodroma muraria","Tichodroma muraria (Linnaeus, 1766)",18,18,0,2020,2024,60,17,2.8993042338,3.96323452599999,40,21,20,42,"Medium Priority"
"Falco subbuteo","Falco subbuteo Linnaeus, 1758",17,17,0,2019,2025,60,12,2.3188745719,3.95676111109999,40,14,20,42,"Medium Priority"
"Phylloscopus griseolus","Phylloscopus griseolus Blyth, 1847",17,17,0,2021,2024,60,20,2.1173952895,5.0816844597,40,27,20,42,"Medium Priority"
"Picus squamatus",NA,17,0,17,2018,2025,60,18,1.9013969382,3.12745600000001,40,39,20,42,"Medium Priority"
"Prunella fulvescens","Prunella fulvescens (Severtzov, 1873)",17,17,0,2018,2025,60,14,2.80325606429999,5.30249000000001,40,15,20,42,"Medium Priority"
"Tringa ochropus","Tringa ochropus Linnaeus, 1758",17,17,0,2020,2024,60,12,2.2603384443,2.5526959635,40,25,20,42,"Medium Priority"
"Aquila chrysaetos","Aquila chrysaetos (Linnaeus, 1758)",16,16,0,2018,2024,60,16,2.4213795434,4.403935828,40,14,20,42,"Medium Priority"
"Enicurus scouleri","Enicurus scouleri Vigors, 1832",16,16,0,2019,2024,60,18,1.28823089999999,3.09933460000001,40,22,20,42,"Medium Priority"
"Enicurus scouleri",NA,16,0,16,2016,2024,60,18,1.28823089999999,3.09933460000001,40,22,20,42,"Medium Priority"
"Phylloscopus sindianus","Phylloscopus sindianus W.E.Brooks, 1880",16,16,0,2020,2025,60,20,2.921975,5.22804416529999,40,25,20,42,"Medium Priority"
"Turdus atrogularis","Turdus atrogularis Jarocki, 1819",16,16,0,2018,2024,60,14,2.2117830341,2.7620239,40,20,20,42,"Medium Priority"
"Cuculus canorus","Cuculus canorus Linnaeus, 1758",15,15,0,2021,2024,60,12,1.2706746528,2.24915700000001,40,21,20,42,"Medium Priority"
"Phylloscopus collybita","Phylloscopus collybita (Vieillot, 1817)",15,15,0,2019,2024,60,15,2.4036377398,2.4468428494,40,17,20,42,"Medium Priority"
"Streptopelia decaocto","Streptopelia decaocto (Frivaldszky, 1838)",15,15,0,2018,2024,60,14,0.917824000000003,2.19800370610001,40,19,20,42,"Medium Priority"
"Phylloscopus sindianus",NA,14,0,14,2018,2025,60,20,2.921975,5.22804416529999,40,25,20,42,"Medium Priority"
"Zosterops palpebrosus",NA,14,0,14,2018,2025,60,20,0.821102000000003,2.12669895000001,40,104,20,42,"Medium Priority"
"Coloeus monedula","Coloeus monedula (Linnaeus, 1758)",13,13,0,2020,2024,60,13,0.915742017500001,2.1891796,40,24,20,42,"Medium Priority"
"Eremophila alpestris","Eremophila alpestris (Linnaeus, 1758)",13,13,0,2019,2024,60,13,2.37486163720001,4.4064683333,40,13,20,42,"Medium Priority"
"Luscinia svecica",NA,13,0,13,2017,2025,60,13,2.4350190404,4.62707896249999,40,16,20,42,"Medium Priority"
"Anas platyrhynchos","Anas platyrhynchos Linnaeus, 1758",12,12,0,2018,2025,60,19,2.4178613455,4.8444652231,40,28,20,42,"Medium Priority"
"Columba rupestris",NA,12,0,12,2011,2025,60,18,2.9496807678,5.30889000000001,40,8,20,42,"Medium Priority"
"Emberiza stewarti",NA,12,0,12,2020,2025,60,20,2.8585624005,2.66327736460001,40,55,20,42,"Medium Priority"
"Fulica atra","Fulica atra Linnaeus, 1758",12,12,0,2018,2023,60,12,2.2647895982,5.141422284,40,18,20,42,"Medium Priority"
"Phoenicurus erythrogastrus","Phoenicurus erythrogastrus (Guldenstadt, 1775)",12,12,0,2018,2025,60,14,2.7195772017,5.24541620000001,40,13,20,42,"Medium Priority"
"Phylloscopus griseolus",NA,12,0,12,2019,2025,60,20,2.1173952895,5.0816844597,40,27,20,42,"Medium Priority"
"Sturnus vulgaris","Sturnus vulgaris Linnaeus, 1758",12,12,0,2020,2023,60,16,1.7485102977,4.10922666670001,40,27,20,42,"Medium Priority"
"Anthus roseatus","Anthus roseatus Blyth, 1847",11,11,0,2020,2024,60,14,1.4754124782,5.29899293000001,40,21,20,42,"Medium Priority"
"Copsychus saularis",NA,11,0,11,2018,2024,60,20,1.193127,2.4477263957,40,102,20,42,"Medium Priority"
"Enicurus maculatus",NA,11,0,11,2017,2025,60,16,1.0911592,2.5200331059,40,20,20,42,"Medium Priority"
"Phoenicurus erythrogastrus",NA,11,0,11,2016,2025,60,14,2.7195772017,5.24541620000001,40,13,20,42,"Medium Priority"
"Nycticorax nycticorax","Nycticorax nycticorax (Linnaeus, 1758)",50,50,0,2020,2023,40,7,0.760676669299997,2.53756642580001,60,55,20,40,"Medium Priority"
"Tachymarptis melba","Tachymarptis melba (Linnaeus, 1758)",27,27,0,2021,2024,40,10,1.1202613611,1.16065833329999,60,29,20,40,"Medium Priority"
"Francolinus francolinus","Francolinus francolinus (Linnaeus, 1766)",26,26,0,2020,2024,40,7,0.702621416599996,0.985860000000002,60,25,20,40,"Medium Priority"
"Regulus regulus","Regulus regulus (Linnaeus, 1758)",26,26,0,2021,2025,40,10,1.75728119999999,2.22094779999999,60,30,20,40,"Medium Priority"
"Carpodacus rodochroa","Carpodacus rodochroa (Vigors, 1831)",25,25,0,2021,2025,40,6,0.593978887899993,2.53845890000001,60,33,20,40,"Medium Priority"
"Hodgsonius phoenicuroides","Luscinia phaenicuroides (J.E.Gray & G.R.Gray, 1847)",25,25,0,2020,2024,40,8,1.131226,1.27933999999999,60,25,20,40,"Medium Priority"
"Pyrrhula aurantiaca","Pyrrhula aurantiaca Gould, 1858",25,25,0,2019,2024,40,8,0.606880000000004,2.08288232000001,60,29,20,40,"Medium Priority"
"Tachybaptus ruficollis",NA,25,0,25,2010,2025,40,8,1.4561385982,2.339626,60,13,20,40,"Medium Priority"
"Cinnyris asiaticus","Cinnyris asiaticus (Latham, 1790)",24,24,0,2020,2024,40,7,0.761503000000005,1.11357206850001,60,31,20,40,"Medium Priority"
"Culicicapa ceylonensis","Culicicapa ceylonensis (Swainson, 1820)",23,23,0,2020,2024,40,8,1.40765,1.12515,60,26,20,40,"Medium Priority"
"Phylloscopus magnirostris","Phylloscopus magnirostris Blyth, 1843",21,21,0,2020,2024,40,10,1.40765,1.220805,60,21,20,40,"Medium Priority"
"Accipiter nisus",NA,20,0,20,2019,2025,60,30,2.41830827250001,5.2999652516,20,46,20,36,"Low Priority"
"Pyrrhocorax pyrrhocorax","Pyrrhocorax pyrrhocorax (Linnaeus, 1758)",20,20,0,2018,2024,60,26,2.8229468924,5.39295868170001,20,19,20,36,"Low Priority"
"Serinus pusillus",NA,20,0,20,2013,2025,60,25,2.3372299641,4.8326453,20,21,20,36,"Low Priority"
"Streptopelia orientalis",NA,20,0,20,2006,2025,60,35,2.4956844783,5.38826522310001,20,51,20,36,"Low Priority"
"Chloris spinoides",NA,19,0,19,2017,2025,60,38,1.6719896,2.75550990000001,20,101,20,36,"Low Priority"
"Halcyon smyrnensis",NA,19,0,19,1981,2025,60,23,1.059715,2.8372468222,20,89,20,36,"Low Priority"
"Hypsipetes leucocephalus",NA,18,0,18,2010,2024,60,26,1.1232189,3.09933460000001,20,86,20,36,"Low Priority"
"Hirundo rustica",NA,17,0,17,2010,2024,60,48,1.4900862286,2.84725682219999,20,539,20,36,"Low Priority"
"Periparus ater",NA,17,0,17,2020,2025,60,33,1.98636699999999,4.3181189722,20,123,20,36,"Low Priority"
"Pyrrhocorax pyrrhocorax",NA,17,0,17,2012,2025,60,26,2.8229468924,5.39295868170001,20,19,20,36,"Low Priority"
"Oriolus kundoo",NA,16,0,16,2019,2025,60,30,2.5247425982,5.35872805370001,20,34,20,36,"Low Priority"
"Saxicola ferreus",NA,16,0,16,2020,2025,60,28,1.4993942288,2.60047653710001,20,104,20,36,"Low Priority"
"Trochalopteron variegatum",NA,16,0,16,2021,2024,60,22,1.1897809,3.0830422139,20,82,20,36,"Low Priority"
"Monticola solitarius",NA,15,0,15,2019,2025,60,29,2.518242286,5.26141350050001,20,42,20,36,"Low Priority"
"Periparus rufonuchalis",NA,15,0,15,2017,2024,60,31,1.75728489999999,2.9761996,20,104,20,36,"Low Priority"
"Troglodytes troglodytes","Troglodytes troglodytes (Linnaeus, 1758)",15,15,0,2019,2024,60,21,1.9768649,4.0221565162,20,21,20,36,"Low Priority"
"Certhia himalayana",NA,14,0,14,2020,2025,60,28,1.8901995982,3.09933460000001,20,74,20,36,"Low Priority"
"Turdus unicolor",NA,14,0,14,2014,2024,60,22,2.310945663,3.06282042480001,20,44,20,36,"Low Priority"
"Alectoris chukar","Alectoris chukar (J.E.Gray, 1830)",13,13,0,2018,2022,60,25,2.5627060035,4.4752979064,20,15,20,36,"Low Priority"
"Dendrocopos himalayensis",NA,13,0,13,2011,2025,60,25,1.7642282873,2.9800905908,20,67,20,36,"Low Priority"
"Leucosticte nemoricola",NA,13,0,13,2016,2025,60,28,2.5567219,4.73084691170001,20,39,20,36,"Low Priority"
"Phylloscopus xanthoschistos",NA,12,0,12,2018,2024,60,31,1.713004,2.92926,20,107,20,36,"Low Priority"
"Troglodytes troglodytes",NA,12,0,12,2011,2024,60,21,1.9768649,4.0221565162,20,21,20,36,"Low Priority"
"Gyps himalayensis",NA,11,0,11,2013,2025,60,24,2.8156823207,4.7282230818,20,24,20,36,"Low Priority"
"Gallinula chloropus",NA,50,0,50,2002,2025,40,13,2.2642482,2.4186710636,40,27,20,34,"Low Priority"
"Phylloscopus chloronotus","Phylloscopus chloronotus (J.E.Gray & G.R.Gray, 1847)",49,49,0,2020,2025,40,18,1.4750812751,2.53841,40,55,20,34,"Low Priority"
"Emberiza stewarti","Emberiza stewarti (Blyth, 1854)",43,43,0,2020,2024,40,20,2.8585624005,2.66327736460001,40,55,20,34,"Low Priority"
"Anas platyrhynchos",NA,42,0,42,2010,2025,40,19,2.4178613455,4.8444652231,40,28,20,34,"Low Priority"
"Aegithalos concinnus","Aegithalos concinnus (Gould, 1855)",41,41,0,2019,2025,40,14,1.2358049,3.0250096,40,43,20,34,"Low Priority"
"Ardeola grayii",NA,41,0,41,2010,2025,40,20,2.26413,2.8586897193,40,108,20,34,"Low Priority"
"Psittacula himalayana","Psittacula himalayana (Lesson, 1831)",40,40,0,2019,2024,40,19,0.715905079700001,4.23692802289999,40,39,20,34,"Low Priority"
"Tarsiger rufilatus","Tarsiger rufilatus (Hodgson, 1845)",40,40,0,2020,2025,40,13,2.198542,2.7688661464,40,43,20,34,"Low Priority"
"Alcedo atthis",NA,39,0,39,1981,2025,40,18,1.4080172,2.7538319514,40,104,20,34,"Low Priority"
"Mycerobas icterioides","Mycerobas icterioides (Vigors, 1830)",37,37,0,2019,2024,40,11,1.23004,2.74925578129999,40,37,20,34,"Low Priority"
"Apus apus","Apus apus (Linnaeus, 1758)",35,35,0,2020,2024,40,18,2.1412,4.62081400000001,40,37,20,34,"Low Priority"
"Lonchura punctulata","Lonchura punctulata (Linnaeus, 1758)",35,35,0,2019,2024,40,14,1.15994659819999,2.50371269440001,40,38,20,34,"Low Priority"
"Dendrocoptes auriceps","Dendrocoptes auriceps (Vigors, 1831)",34,34,0,2019,2024,40,14,0.807382099999998,2.54001000000001,40,40,20,34,"Low Priority"
"Sitta cashmirensis","Sitta cashmirensis W.E.Brooks, 1871",33,33,0,2019,2024,40,11,1.5203972,2.43198249999999,40,36,20,34,"Low Priority"
"Egretta garzetta",NA,30,0,30,2010,2025,40,13,0.783379000000004,2.70608999999999,40,65,20,34,"Low Priority"
"Monticola cinclorhynchus","Monticola cinclorhynchus (Vigors, 1832)",30,30,0,2019,2024,40,12,1.484907,1.43505500000001,40,24,20,34,"Low Priority"
"Muscicapa sibirica","Muscicapa sibirica Gmelin, 1789",30,30,0,2019,2024,40,14,2.1064600495,1.6174680753,40,28,20,34,"Low Priority"
"Phoenicurus coeruleocephala","Phoenicurus coeruleocephala (Vigors, 1831)",30,30,0,2020,2025,40,17,1.731364,1.7506110245,40,35,20,34,"Low Priority"
"Picus squamatus","Picus squamatus Vigors, 1831",30,30,0,2019,2025,40,18,1.9013969382,3.12745600000001,40,39,20,34,"Low Priority"
"Turdus rubrocanus","Turdus rubrocanus J.E.Gray & G.R.Gray, 1847",29,29,0,2020,2025,40,11,1.18452,2.5617099685,40,32,20,34,"Low Priority"
"Coloeus monedula",NA,27,0,27,2012,2025,40,13,0.915742017500001,2.1891796,40,24,20,34,"Low Priority"
"Ficedula superciliaris","Ficedula superciliaris (Jerdon, 1840)",27,27,0,2019,2024,40,13,1.24788964,2.5010440219,40,27,20,34,"Low Priority"
"Phylloscopus trochiloides","Phylloscopus trochiloides (Sundevall, 1837)",27,27,0,2019,2024,40,20,1.7624392925,3.622550257,40,28,20,34,"Low Priority"
"Prunella strophiata","Prunella strophiata (Blyth, 1843)",27,27,0,2021,2025,40,15,1.69873,4.5961657933,40,30,20,34,"Low Priority"
"Oenanthe fusca","Oenanthe fusca (Blyth, 1851)",26,26,0,2020,2024,40,13,0.844758000000006,1.426861414,40,28,20,34,"Low Priority"
"Pandion haliaetus","Pandion haliaetus (Linnaeus, 1758)",26,26,0,2019,2021,40,25,2.10031,1.71015,20,4,40,34,"Low Priority"
"Actitis hypoleucos","Actitis hypoleucos (Linnaeus, 1758)",23,23,0,2020,2024,40,15,2.2568659641,3.2000295818,40,23,20,34,"Low Priority"
"Anthus spinoletta","Anthus spinoletta (Linnaeus, 1758)",22,22,0,2018,2023,40,11,2.4152958982,2.5312881,40,26,20,34,"Low Priority"
"Enicurus maculatus","Enicurus maculatus Vigors, 1831",21,21,0,2019,2025,40,16,1.0911592,2.5200331059,40,20,20,34,"Low Priority"
"Terpsiphone paradisi","Terpsiphone paradisi (Linnaeus, 1758)",50,50,0,2018,2024,40,32,2.5270923231,2.79974433870001,20,61,20,28,"Low Priority"
"Phoenicurus ochruros",NA,49,0,49,2010,2025,40,46,2.9670954085,5.3991414069,20,66,20,28,"Low Priority"
"Alectoris chukar",NA,48,0,48,2010,2025,40,25,2.5627060035,4.4752979064,20,15,20,28,"Low Priority"
"Upupa epops","Upupa epops Linnaeus, 1758",48,48,0,2019,2024,40,47,2.5247425982,5.3753975927,20,66,20,28,"Low Priority"
"Streptopelia orientalis","Streptopelia orientalis (Latham, 1790)",43,43,0,2020,2024,40,35,2.4956844783,5.38826522310001,20,51,20,28,"Low Priority"
"Urocissa flavirostris",NA,42,0,42,2016,2025,40,35,1.21533423579999,2.88018722220001,20,105,20,28,"Low Priority"
"Phoenicurus ochruros","Phoenicurus ochruros (S.G.Gmelin, 1774)",41,41,0,2019,2025,40,46,2.9670954085,5.3991414069,20,66,20,28,"Low Priority"
"Columba livia",NA,38,0,38,2013,2025,40,41,1.5218619,5.34932435339999,20,213,20,28,"Low Priority"
"Falco tinnunculus","Falco tinnunculus Linnaeus, 1758",38,38,0,2018,2024,40,29,2.212584,5.0566361426,20,39,20,28,"Low Priority"
"Pica pica","Pica pica (Linnaeus, 1758)",38,38,0,2018,2025,40,45,2.9552761521,5.3788802231,20,71,20,28,"Low Priority"
"Motacilla citreola",NA,37,0,37,2015,2025,40,38,2.8413228252,5.3823827539,20,61,20,28,"Low Priority"
"Leucosticte nemoricola","Leucosticte nemoricola (Hodgson, 1836)",36,36,0,2019,2025,40,28,2.5567219,4.73084691170001,20,39,20,28,"Low Priority"
"Saxicola caprata","Saxicola caprata (Linnaeus, 1766)",36,36,0,2019,2024,40,23,1.2886771859,1.48099000000001,20,37,20,28,"Low Priority"
"Motacilla citreola","Motacilla citreola Pallas, 1776",35,35,0,2019,2024,40,38,2.8413228252,5.3823827539,20,61,20,28,"Low Priority"
"Turdus unicolor","Turdus unicolor Tickell, 1833",34,34,0,2021,2024,40,22,2.310945663,3.06282042480001,20,44,20,28,"Low Priority"
"Upupa epops",NA,34,0,34,2010,2025,40,47,2.5247425982,5.3753975927,20,66,20,28,"Low Priority"
"Monticola solitarius","Monticola solitarius (Linnaeus, 1758)",33,33,0,2018,2024,40,29,2.518242286,5.26141350050001,20,42,20,28,"Low Priority"
"Accipiter nisus","Accipiter nisus (Linnaeus, 1758)",30,30,0,2019,2024,40,30,2.41830827250001,5.2999652516,20,46,20,28,"Low Priority"
"Oriolus kundoo","Oriolus kundoo Sykes, 1832",30,30,0,2019,2024,40,30,2.5247425982,5.35872805370001,20,34,20,28,"Low Priority"
"Phoenicurus leucocephalus",NA,28,0,28,2011,2025,40,23,1.6978479,3.4045382962,20,14,20,28,"Low Priority"
"Carduelis caniceps",NA,26,0,26,2017,2025,40,35,2.4212479641,3.45590080000001,20,67,20,28,"Low Priority"
"Pyrrhocorax graculus","Pyrrhocorax graculus (Linnaeus, 1766)",25,25,0,2018,2024,40,27,2.9332308719,5.38826522310001,20,29,20,28,"Low Priority"
"Serinus pusillus","Serinus pusillus (Pallas, 1811)",25,25,0,2018,2024,40,25,2.3372299641,4.8326453,20,21,20,28,"Low Priority"
"Passer cinnamomeus",NA,24,0,24,2012,2025,40,37,1.7062800627,3.23989474550001,20,119,20,28,"Low Priority"
"Gyps himalayensis","Gyps himalayensis Hume, 1869",23,23,0,2019,2024,40,24,2.8156823207,4.7282230818,20,24,20,28,"Low Priority"
"Pyrrhocorax graculus",NA,22,0,22,2013,2025,40,27,2.9332308719,5.38826522310001,20,29,20,28,"Low Priority"
"Cinclus pallasii",NA,21,0,21,2011,2025,40,43,2.9664749,5.30324826419999,20,92,20,28,"Low Priority"
"Terpsiphone paradisi",NA,21,0,21,2018,2024,40,32,2.5270923231,2.79974433870001,20,61,20,28,"Low Priority"
"Zosterops palpebrosus","Zosterops palpebrosus (Temminck, 1824)",100,100,0,2019,2024,20,20,0.821102000000003,2.12669895000001,40,104,20,26,"Low Priority"
"Copsychus saularis","Copsychus saularis (Linnaeus, 1758)",97,97,0,2020,2024,20,20,1.193127,2.4477263957,40,102,20,26,"Low Priority"
"Parus monticolus","Parus monticolus Vigors, 1831",93,93,0,2019,2025,20,19,1.25156699999999,2.67245,40,82,20,26,"Low Priority"
"Psilopogon virens","Psilopogon virens (Boddaert, 1783)",86,86,0,2019,2024,20,15,1.07487399999999,2.64943890000001,40,71,20,26,"Low Priority"
"Alcedo atthis","Alcedo atthis (Linnaeus, 1758)",83,83,0,2020,2025,20,18,1.4080172,2.7538319514,40,104,20,26,"Low Priority"
"Ardeola grayii","Ardeola grayii (Sykes, 1832)",83,83,0,2019,2024,20,20,2.26413,2.8586897193,40,108,20,26,"Low Priority"
"Horornis fortipes","Horornis fortipes Hodgson, 1845",73,73,0,2019,2024,20,17,1.49448,1.428995,40,70,20,26,"Low Priority"
"Acridotheres ginginianus","Acridotheres ginginianus (Latham, 1790)",69,69,0,2020,2024,20,14,1.142914,1.43486,40,73,20,26,"Low Priority"
"Sitta leucopsis","Sitta leucopsis Gould, 1850",60,60,0,2019,2025,20,13,1.75728489999999,2.8389396,40,63,20,26,"Low Priority"
"Eudynamys scolopaceus","Eudynamys scolopaceus (Linnaeus, 1758)",59,59,0,2020,2024,20,12,0.827203000000004,2.47381922540001,40,61,20,26,"Low Priority"
"Luscinia brunnea","Larvivora brunnea Hodgson, 1837",59,59,0,2021,2024,20,15,1.476574,1.428995,40,59,20,26,"Low Priority"
"Dendrocitta vagabunda","Dendrocitta vagabunda (Latham, 1790)",58,58,0,2019,2024,20,19,0.921622999999997,2.0066109127,40,55,20,26,"Low Priority"
"Egretta garzetta","Egretta garzetta (Linnaeus, 1766)",51,51,0,2020,2025,20,13,0.783379000000004,2.70608999999999,40,65,20,26,"Low Priority"
"Motacilla alba",NA,50,0,50,2012,2025,40,71,2.310993,5.411490054,10,281,20,25,"Low Priority"
"Myophonus caeruleus",NA,46,0,46,2011,2025,40,72,2.53594445,4.8697667783,10,162,20,25,"Low Priority"
"Parus cinereus",NA,45,0,45,2012,2025,40,70,2.5276784443,5.27750083260001,10,247,20,25,"Low Priority"
"Carpodacus erythrinus",NA,41,0,41,2011,2025,40,51,2.9653790197,5.3886088312,10,79,20,25,"Low Priority"
"Trochalopteron lineatum",NA,40,0,40,2017,2025,40,58,2.3072781215,4.672202375,10,171,20,25,"Low Priority"
"Phoenicurus fuliginosus",NA,38,0,38,2011,2025,40,57,1.9803384443,5.246702,10,202,20,25,"Low Priority"
"Lanius schach",NA,34,0,34,2016,2024,40,55,2.5247425982,3.29587381969999,10,301,20,25,"Low Priority"
"Emberiza cia",NA,33,0,33,2011,2025,40,52,2.9692299896,5.3198567565,10,108,20,25,"Low Priority"
"Corvus splendens",NA,29,0,29,2005,2025,40,71,2.255924,2.8562435667,10,1170,20,25,"Low Priority"
"Motacilla cinerea",NA,27,0,27,2012,2025,40,66,2.0726941,5.3187125776,10,177,20,25,"Low Priority"
"Corvus macrorhynchos",NA,25,0,25,1984,2025,40,80,2.25972299999999,3.23358277780001,10,304,20,25,"Low Priority"
"Pycnonotus cafer",NA,22,0,22,2018,2025,40,54,1.193196,1.47891,10,821,20,25,"Low Priority"
"Saxicola maurus",NA,21,0,21,2012,2024,40,52,2.5247425982,5.31110415240001,10,107,20,25,"Low Priority"
"Psittacula krameri","Psittacula krameri (Scopoli, 1769)",157,157,0,2020,2024,10,14,2.2565697191,2.6195897436,40,162,20,22,"Low Priority"
"Turdoides caudata","Argya caudata (Dumont, 1823)",127,127,0,2020,2024,10,11,0.853146000000002,1.07503,40,127,20,22,"Low Priority"
"Phylloscopus xanthoschistos","Phylloscopus xanthoschistos (J.E.Gray & G.R.Gray, 1847)",99,99,0,2020,2024,20,31,1.713004,2.92926,20,107,20,20,"Low Priority"
"Saxicola ferreus","Saxicola ferreus J.E.Gray & G.R.Gray, 1847",98,98,0,2019,2024,20,28,1.4993942288,2.60047653710001,20,104,20,20,"Low Priority"
"Chloris spinoides","Chloris spinoides (Vigors, 1831)",90,90,0,2019,2025,20,38,1.6719896,2.75550990000001,20,101,20,20,"Low Priority"
"Cinclus pallasii","Cinclus pallasii Temminck, 1820",89,89,0,2019,2024,20,43,2.9664749,5.30324826419999,20,92,20,20,"Low Priority"
"Urocissa flavirostris","Urocissa flavirostris (Blyth, 1846)",89,89,0,2019,2025,20,35,1.21533423579999,2.88018722220001,20,105,20,20,"Low Priority"
"Phylloscopus occipitalis","Phylloscopus occipitalis (Blyth, 1845)",82,82,0,2019,2025,20,28,1.76340999999999,3.09933460000001,20,83,20,20,"Low Priority"
"Halcyon smyrnensis","Halcyon smyrnensis (Linnaeus, 1758)",80,80,0,2019,2024,20,23,1.059715,2.8372468222,20,89,20,20,"Low Priority"
"Hypsipetes leucocephalus","Hypsipetes leucocephalus (Gmelin, 1789)",78,78,0,2019,2024,20,26,1.1232189,3.09933460000001,20,86,20,20,"Low Priority"
"Dicrurus leucophaeus","Dicrurus leucophaeus Vieillot, 1817",74,74,0,2018,2024,20,34,1.4997352139,2.5199570855,20,75,20,20,"Low Priority"
"Spilopelia chinensis","Spilopelia chinensis (Scopoli, 1786)",73,73,0,2019,2024,20,22,0.943581000000002,1.31828,20,73,20,20,"Low Priority"
"Certhia himalayana","Certhia himalayana Vigors, 1832",72,72,0,2018,2024,20,28,1.8901995982,3.09933460000001,20,74,20,20,"Low Priority"
"Pericrocotus ethologus","Pericrocotus ethologus Bangs & J.C.Phillips, 1914",71,71,0,2019,2024,20,33,1.75782259819999,2.6693280194,20,77,20,20,"Low Priority"
"Trochalopteron variegatum","Trochalopteron variegatum (Vigors, 1831)",70,70,0,2019,2024,20,22,1.1897809,3.0830422139,20,82,20,20,"Low Priority"
"Dendrocopos himalayensis","Dendrocopos himalayensis (Jardine & Selby, 1831)",68,68,0,2019,2024,20,25,1.7642282873,2.9800905908,20,67,20,20,"Low Priority"
"Sturnia pagodarum","Sturnia pagodarum (Gmelin, 1789)",67,67,0,2020,2024,20,22,2.268253,1.82015411889999,20,72,20,20,"Low Priority"
"Acridotheres fuscus","Acridotheres fuscus (Wagler, 1827)",66,66,0,2018,2024,20,22,1.4483,1.57343,20,69,20,20,"Low Priority"
"Pica pica",NA,57,0,57,2011,2025,20,45,2.9552761521,5.3788802231,20,71,20,20,"Low Priority"
"Corvus corax","Corvus corax Linnaeus, 1758",55,55,0,2019,2024,20,27,2.3774277939,4.16112,20,52,20,20,"Low Priority"
"Carduelis caniceps","Carduelis caniceps Vigors, 1831",53,53,0,2019,2025,20,35,2.4212479641,3.45590080000001,20,67,20,20,"Low Priority"
"Milvus migrans",NA,53,0,53,1993,2025,20,43,2.25084748,3.2939796,20,116,20,20,"Low Priority"
"Eumyias thalassinus","Eumyias thalassinus (Swainson, 1838)",51,51,0,2019,2025,20,23,1.181674,2.0215440767,20,51,20,20,"Low Priority"
"Spilopelia senegalensis","Spilopelia senegalensis (Linnaeus, 1766)",51,51,0,2018,2024,20,25,2.256743,2.280459237,20,55,20,20,"Low Priority"
"Emberiza cia","Emberiza cia Linnaeus, 1767",99,99,0,2018,2025,20,52,2.9692299896,5.3198567565,10,108,20,17,"Low Priority"
"Saxicola maurus","Saxicola maurus (Pallas, 1773)",96,96,0,2019,2024,20,52,2.5247425982,5.31110415240001,10,107,20,17,"Low Priority"
"Pycnonotus leucogenys",NA,76,0,76,2010,2025,20,61,2.3703408797,3.1354446,10,289,20,17,"Low Priority"
"Acridotheres tristis",NA,73,0,73,2012,2025,20,95,2.310993,3.2973345556,10,1410,20,17,"Low Priority"
"Passer domesticus",NA,62,0,62,2012,2025,20,85,2.310993,5.4735252231,10,1074,20,17,"Low Priority"
"Carpodacus erythrinus","Carpodacus erythrinus (Pallas, 1770)",58,58,0,2019,2024,20,51,2.9653790197,5.3886088312,10,79,20,17,"Low Priority"
"Hirundo rustica","Hirundo rustica Linnaeus, 1758",538,538,0,2019,2024,10,48,1.4900862286,2.84725682219999,20,539,20,16,"Low Priority"
"Apus affinis","Apus affinis (J.E.Gray, 1830)",312,312,0,2019,2024,10,24,1.358646,1.482935,20,310,20,16,"Low Priority"
"Passer montanus","Passer montanus (Linnaeus, 1758)",289,289,0,2019,2024,10,22,2.72225,1.71398000000001,20,294,20,16,"Low Priority"
"Dicrurus macrocercus","Dicrurus macrocercus Vieillot, 1817",286,286,0,2018,2024,10,41,1.485699,2.77615400000001,20,289,20,16,"Low Priority"
"Phylloscopus humei","Phylloscopus humei (W.E.Brooks, 1878)",198,198,0,2019,2024,10,37,2.40414287390001,5.1942106426,20,196,20,16,"Low Priority"
"Columba livia","Columba livia J.F.Gmelin, 1789",190,190,0,2018,2024,10,41,1.5218619,5.34932435339999,20,213,20,16,"Low Priority"
"Chaimarrornis leucocephalus","Phoenicurus leucocephalus Vigors, 1831",115,115,0,2018,2024,10,45,2.205697,4.15353499999999,20,103,20,16,"Low Priority"
"Passer cinnamomeus","Passer cinnamomeus (Temminck, 1836)",107,107,0,2019,2025,10,37,1.7062800627,3.23989474550001,20,119,20,16,"Low Priority"
"Periparus ater","Periparus ater (Linnaeus, 1758)",106,106,0,2019,2024,10,33,1.98636699999999,4.3181189722,20,123,20,16,"Low Priority"
"Milvus migrans","Milvus migrans (Boddaert, 1783)",103,103,0,2019,2024,10,43,2.25084748,3.2939796,20,116,20,16,"Low Priority"
"Periparus rufonuchalis","Periparus rufonuchalis (Blyth, 1849)",101,101,0,2019,2024,10,31,1.75728489999999,2.9761996,20,104,20,16,"Low Priority"
"Acridotheres tristis","Acridotheres tristis (Linnaeus, 1766)",1365,1365,0,2018,2024,10,95,2.310993,3.2973345556,10,1410,20,13,"Low Priority"
"Corvus splendens","Corvus splendens Vieillot, 1817",1157,1157,0,2018,2024,10,71,2.255924,2.8562435667,10,1170,20,13,"Low Priority"
"Passer domesticus","Passer domesticus (Linnaeus, 1758)",1040,1040,0,2018,2024,10,85,2.310993,5.4735252231,10,1074,20,13,"Low Priority"
"Pycnonotus cafer","Pycnonotus cafer (Linnaeus, 1766)",807,807,0,2018,2024,10,54,1.193196,1.47891,10,821,20,13,"Low Priority"
"Corvus macrorhynchos","Corvus macrorhynchos Wagler, 1827",317,317,0,2018,2024,10,80,2.25972299999999,3.23358277780001,10,304,20,13,"Low Priority"
"Lanius schach","Lanius schach Linnaeus, 1758",271,271,0,2019,2024,10,55,2.5247425982,3.29587381969999,10,301,20,13,"Low Priority"
"Pycnonotus leucogenys","Pycnonotus leucogenys (J.E.Gray, 1835)",265,265,0,2018,2024,10,61,2.3703408797,3.1354446,10,289,20,13,"Low Priority"
"Motacilla alba","Motacilla alba Linnaeus, 1758",248,248,0,2019,2024,10,71,2.310993,5.411490054,10,281,20,13,"Low Priority"
"Parus cinereus","Parus cinereus Vieillot, 1818",227,227,0,2019,2025,10,70,2.5276784443,5.27750083260001,10,247,20,13,"Low Priority"
"Phoenicurus fuliginosus","Phoenicurus fuliginosus Vigors, 1831",188,188,0,2019,2024,10,57,1.9803384443,5.246702,10,202,20,13,"Low Priority"
"Motacilla cinerea","Motacilla cinerea Tunstall, 1771",164,164,0,2019,2024,10,66,2.0726941,5.3187125776,10,177,20,13,"Low Priority"
"Trochalopteron lineatum","Trochalopteron lineatum (Vigors, 1831)",157,157,0,2018,2025,10,58,2.3072781215,4.672202375,10,171,20,13,"Low Priority"
"Myophonus caeruleus","Myophonus caeruleus (Scopoli, 1786)",146,146,0,2018,2024,10,72,2.53594445,4.8697667783,10,162,20,13,"Low Priority"
